,65575,3000322,9889796,23427104,15939609,23255044,3084311,442405,5283957,23425034,11751458,163882,25016418,442544,6434971,101898419,23427263,23656634,21592256,5326970,129775774,16656568,11327620,44566672,23425158,129730698,10913938,49799338,11530417,180272,25137304,114843,5365883,12187779,73293941,10608682,340013,442432,91748460,340066,101603384,11313238
AtCo_164,2.0,1.0,0.0,3.0,4.0,3.0,2.0,2.0,4.0,3.0,4.0,2.0,5.0,5.0,2.0,4.0,2.0,0.0,1.0,3.0,2.0,4.0,5.0,3.0,2.0,0.0,3.0,3.0,2.0,4.0,0.0,2.0,3.0,2.0,0.0,2.0,3.0,3.0,2.0,2.0,0.0,4.0
ApCe_60,1.0,1.0,0.0,2.0,4.0,3.0,2.0,1.0,4.0,2.0,5.0,2.0,5.0,4.0,1.0,3.0,2.0,0.0,2.0,3.0,3.0,4.0,4.0,2.0,2.0,0.0,3.0,2.0,1.0,3.0,5.0,2.0,2.0,2.0,0.0,1.0,2.0,3.0,1.0,2.0,0.0,2.0
DrFi_6,2.0,1.0,0.0,3.0,5.0,3.0,2.0,2.0,4.0,3.0,5.0,2.0,5.0,4.0,2.0,4.0,2.0,0.0,2.0,3.0,2.0,4.0,4.0,2.0,2.0,0.0,4.0,1.0,2.0,3.0,5.0,2.0,2.0,2.0,0.0,2.0,3.0,4.0,2.0,2.0,5.0,2.0
HaSa_185,2.0,2.0,0.0,4.0,0.0,2.0,2.0,2.0,4.0,2.0,4.0,2.0,4.0,0.0,2.0,5.0,2.0,0.0,2.0,3.0,2.0,0.0,4.0,0.0,2.0,0.0,0.0,2.0,1.0,5.0,5.0,2.0,2.0,2.0,0.0,1.0,2.0,3.0,1.0,2.0,0.0,2.0
OoBi_161,2.0,1.0,0.0,2.0,0.0,2.0,2.0,2.0,3.0,2.0,5.0,2.0,5.0,4.0,1.0,3.0,2.0,0.0,1.0,3.0,2.0,4.0,5.0,3.0,2.0,0.0,0.0,1.0,1.0,5.0,5.0,2.0,2.0,2.0,0.0,1.0,2.0,2.0,1.0,2.0,0.0,2.0
CoFl_111,2.0,1.0,0.0,2.0,0.0,2.0,2.0,1.0,2.0,2.0,4.0,3.0,4.0,3.0,2.0,2.0,1.0,0.0,2.0,2.0,2.0,3.0,5.0,3.0,2.0,0.0,4.0,2.0,2.0,4.0,5.0,2.0,1.0,2.0,4.0,1.0,4.0,4.0,2.0,3.0,0.0,3.0
ApFl_125,2.0,2.0,0.0,3.0,0.0,3.0,2.0,2.0,3.0,3.0,5.0,2.0,5.0,4.0,3.0,3.0,2.0,0.0,2.0,3.0,2.0,4.0,5.0,3.0,2.0,0.0,0.0,2.0,2.0,5.0,0.0,2.0,2.0,3.0,0.0,2.0,3.0,2.0,2.0,2.0,0.0,2.0
DrFi_42,3.0,2.0,0.0,3.0,0.0,3.0,3.0,3.0,5.0,3.0,5.0,3.0,0.0,0.0,3.0,4.0,3.0,0.0,3.0,4.0,3.0,4.0,0.0,0.0,3.0,0.0,0.0,3.0,3.0,4.0,5.0,2.0,3.0,3.0,0.0,2.0,4.0,4.0,2.0,3.0,0.0,4.0
TrSe_143,3.0,3.0,0.0,3.0,5.0,3.0,3.0,3.0,0.0,3.0,5.0,2.0,0.0,0.0,3.0,3.0,4.0,0.0,3.0,0.0,4.0,0.0,0.0,0.0,2.0,0.0,0.0,5.0,3.0,4.0,4.0,3.0,3.0,3.0,0.0,2.0,4.0,5.0,3.0,3.0,0.0,4.0
CoFl_93,1.0,1.0,0.0,2.0,4.0,2.0,2.0,1.0,0.0,2.0,0.0,1.0,0.0,4.0,2.0,3.0,2.0,0.0,2.0,3.0,3.0,4.0,4.0,4.0,2.0,0.0,0.0,3.0,1.0,4.0,5.0,2.0,2.0,2.0,0.0,1.0,2.0,3.0,1.0,2.0,0.0,1.0
VaTa_30,2.0,2.0,0.0,2.0,5.0,2.0,2.0,2.0,3.0,2.0,3.0,2.0,0.0,2.0,2.0,3.0,2.0,0.0,2.0,4.0,2.0,5.0,4.0,4.0,2.0,0.0,0.0,2.0,2.0,4.0,5.0,2.0,2.0,2.0,3.0,1.0,3.0,2.0,2.0,2.0,0.0,4.0
VoEm_243,1.0,1.0,0.0,1.0,0.0,2.0,2.0,2.0,3.0,2.0,4.0,2.0,0.0,3.0,2.0,2.0,1.0,0.0,2.0,3.0,2.0,3.0,5.0,3.0,2.0,0.0,0.0,2.0,2.0,4.0,5.0,2.0,2.0,2.0,0.0,1.0,3.0,3.0,1.0,2.0,0.0,2.0
BoTe_75,2.0,2.0,0.0,2.0,5.0,2.0,2.0,2.0,5.0,2.0,0.0,2.0,0.0,5.0,3.0,2.0,3.0,0.0,2.0,5.0,2.0,0.0,5.0,0.0,3.0,0.0,0.0,4.0,2.0,5.0,4.0,2.0,2.0,2.0,0.0,1.0,4.0,3.0,3.0,2.0,0.0,5.0
DrEl_60,2.0,2.0,0.0,2.0,0.0,3.0,2.0,2.0,5.0,2.0,5.0,2.0,0.0,4.0,2.0,3.0,2.0,0.0,3.0,3.0,3.0,4.0,4.0,3.0,2.0,0.0,5.0,4.0,3.0,4.0,5.0,2.0,2.0,2.0,0.0,1.0,2.0,3.0,1.0,3.0,0.0,2.0
MoPh_181,2.0,2.0,0.0,2.0,5.0,2.0,2.0,2.0,5.0,3.0,0.0,2.0,0.0,3.0,2.0,2.0,2.0,0.0,2.0,4.0,2.0,5.0,4.0,4.0,2.0,0.0,4.0,3.0,2.0,4.0,4.0,2.0,2.0,2.0,2.0,1.0,4.0,3.0,3.0,3.0,0.0,3.0
DrVi_55,3.0,1.0,0.0,2.0,0.0,2.0,2.0,2.0,3.0,2.0,5.0,2.0,4.0,3.0,2.0,2.0,1.0,4.0,3.0,3.0,2.0,3.0,0.0,5.0,2.0,0.0,4.0,2.0,1.0,3.0,0.0,2.0,2.0,3.0,0.0,1.0,3.0,3.0,1.0,2.0,0.0,5.0
LiHu_96,2.0,2.0,0.0,5.0,0.0,3.0,2.0,2.0,2.0,2.0,2.0,2.0,4.0,3.0,3.0,0.0,2.0,0.0,2.0,3.0,2.0,3.0,0.0,4.0,3.0,0.0,3.0,3.0,2.0,4.0,0.0,2.0,3.0,3.0,0.0,1.0,3.0,5.0,1.0,2.0,0.0,4.0
AeAe_69,2.0,2.0,0.0,3.0,0.0,3.0,2.0,2.0,4.0,3.0,5.0,3.0,4.0,4.0,3.0,3.0,2.0,0.0,1.0,4.0,2.0,0.0,0.0,3.0,2.0,0.0,4.0,3.0,2.0,4.0,0.0,2.0,2.0,2.0,5.0,1.0,3.0,3.0,2.0,2.0,0.0,4.0
AtCo_160,2.0,2.0,0.0,2.0,0.0,2.0,2.0,2.0,2.0,1.0,2.0,2.0,4.0,3.0,1.0,3.0,1.0,0.0,1.0,4.0,2.0,4.0,0.0,5.0,2.0,0.0,4.0,1.0,1.0,4.0,0.0,2.0,2.0,1.0,0.0,1.0,3.0,3.0,1.0,2.0,0.0,4.0
VoEm_195,2.0,3.0,0.0,3.0,0.0,2.0,2.0,2.0,3.0,2.0,4.0,3.0,4.0,5.0,3.0,5.0,2.0,0.0,2.0,4.0,2.0,4.0,0.0,4.0,2.0,0.0,4.0,2.0,3.0,3.0,0.0,3.0,3.0,3.0,0.0,2.0,3.0,3.0,1.0,3.0,0.0,3.0
AtCo_199,2.0,3.0,0.0,4.0,0.0,3.0,3.0,3.0,5.0,3.0,5.0,2.0,5.0,0.0,4.0,4.0,3.0,0.0,4.0,3.0,3.0,4.0,0.0,0.0,2.0,0.0,0.0,3.0,3.0,4.0,0.0,3.0,3.0,2.0,0.0,3.0,4.0,3.0,3.0,3.0,0.0,4.0
OoBi_273,3.0,3.0,0.0,3.0,0.0,3.0,2.0,2.0,4.0,3.0,0.0,2.0,5.0,0.0,3.0,4.0,3.0,0.0,2.0,3.0,3.0,4.0,0.0,4.0,3.0,0.0,5.0,3.0,2.0,5.0,0.0,2.0,3.0,3.0,0.0,2.0,3.0,3.0,2.0,3.0,0.0,3.0
HyKa_34,3.0,1.0,0.0,3.0,0.0,2.0,3.0,3.0,5.0,4.0,0.0,4.0,4.0,0.0,2.0,4.0,3.0,0.0,3.0,3.0,1.0,5.0,0.0,4.0,4.0,0.0,3.0,3.0,2.0,4.0,0.0,2.0,1.0,3.0,0.0,3.0,4.0,4.0,3.0,2.0,0.0,3.0
VoEm_337,2.0,3.0,0.0,2.0,0.0,3.0,2.0,2.0,5.0,3.0,0.0,2.0,5.0,0.0,3.0,3.0,3.0,0.0,3.0,5.0,3.0,0.0,5.0,4.0,2.0,0.0,5.0,3.0,3.0,5.0,0.0,3.0,3.0,3.0,5.0,2.0,3.0,3.0,2.0,3.0,0.0,4.0
AnGa_66,3.0,2.0,0.0,3.0,0.0,3.0,2.0,2.0,0.0,3.0,3.0,2.0,4.0,0.0,2.0,4.0,3.0,0.0,3.0,2.0,2.0,3.0,5.0,5.0,3.0,0.0,5.0,4.0,2.0,4.0,5.0,3.0,3.0,3.0,0.0,2.0,4.0,5.0,2.0,3.0,0.0,4.0
VoEm_135,3.0,1.0,4.0,4.0,0.0,2.0,3.0,2.0,4.0,3.0,4.0,3.0,3.0,0.0,3.0,5.0,3.0,0.0,3.0,3.0,3.0,4.0,5.0,4.0,3.0,5.0,3.0,3.0,2.0,4.0,5.0,2.0,3.0,3.0,0.0,2.0,4.0,5.0,1.0,2.0,0.0,3.0
BoTe_59,2.0,2.0,0.0,3.0,0.0,2.0,3.0,2.0,3.0,2.0,4.0,1.0,4.0,3.0,1.0,3.0,2.0,0.0,2.0,3.0,2.0,4.0,5.0,4.0,2.0,5.0,0.0,3.0,1.0,4.0,0.0,2.0,2.0,2.0,0.0,2.0,4.0,2.0,1.0,2.0,0.0,4.0
HaSa_100,2.0,2.0,0.0,3.0,0.0,3.0,2.0,2.0,3.0,2.0,4.0,1.0,3.0,3.0,2.0,4.0,2.0,0.0,2.0,3.0,2.0,3.0,5.0,3.0,3.0,4.0,4.0,2.0,2.0,3.0,0.0,2.0,3.0,3.0,0.0,2.0,3.0,2.0,2.0,2.0,0.0,3.0
CrSe_16,2.0,1.0,0.0,3.0,0.0,3.0,2.0,2.0,3.0,3.0,3.0,2.0,5.0,4.0,2.0,4.0,1.0,0.0,2.0,2.0,2.0,3.0,4.0,3.0,2.0,0.0,4.0,2.0,2.0,3.0,0.0,2.0,2.0,3.0,0.0,2.0,3.0,3.0,2.0,2.0,0.0,3.0
VoEm_214,2.0,2.0,0.0,3.0,0.0,3.0,2.0,1.0,4.0,2.0,4.0,2.0,0.0,4.0,3.0,3.0,2.0,0.0,2.0,5.0,3.0,4.0,4.0,4.0,2.0,0.0,5.0,3.0,3.0,5.0,0.0,3.0,3.0,2.0,0.0,2.0,3.0,3.0,2.0,3.0,0.0,3.0
DrWi_41,2.0,2.0,0.0,3.0,0.0,3.0,2.0,2.0,4.0,3.0,4.0,2.0,0.0,5.0,2.0,4.0,2.0,0.0,2.0,5.0,3.0,4.0,5.0,3.0,2.0,0.0,4.0,2.0,2.0,4.0,0.0,3.0,2.0,2.0,0.0,2.0,2.0,3.0,3.0,3.0,0.0,3.0
ApMe_61,3.0,3.0,0.0,0.0,0.0,3.0,3.0,2.0,0.0,3.0,0.0,2.0,0.0,0.0,3.0,0.0,3.0,0.0,3.0,3.0,3.0,4.0,0.0,4.0,3.0,0.0,3.0,2.0,3.0,4.0,0.0,3.0,3.0,4.0,0.0,3.0,4.0,3.0,2.0,3.0,0.0,2.0
TrCa_137,2.0,1.0,0.0,4.0,0.0,3.0,2.0,1.0,0.0,2.0,5.0,1.0,0.0,0.0,2.0,3.0,2.0,0.0,2.0,4.0,3.0,0.0,3.0,3.0,2.0,0.0,3.0,2.0,2.0,4.0,0.0,2.0,2.0,2.0,0.0,1.0,2.0,4.0,1.0,2.0,4.0,3.0
DrBu_58,3.0,2.0,0.0,3.0,0.0,3.0,2.0,2.0,5.0,3.0,3.0,2.0,0.0,0.0,3.0,0.0,2.0,0.0,3.0,4.0,3.0,0.0,4.0,4.0,3.0,0.0,4.0,2.0,2.0,5.0,0.0,2.0,3.0,3.0,0.0,2.0,3.0,3.0,1.0,2.0,0.0,2.0
AmTr_15,2.0,2.0,0.0,3.0,0.0,2.0,3.0,3.0,4.0,3.0,0.0,2.0,4.0,5.0,3.0,5.0,2.0,0.0,2.0,4.0,2.0,4.0,0.0,4.0,3.0,0.0,0.0,3.0,2.0,4.0,0.0,3.0,2.0,3.0,0.0,2.0,3.0,4.0,2.0,3.0,0.0,3.0
ApFl_113,3.0,3.0,0.0,4.0,0.0,3.0,3.0,2.0,5.0,3.0,4.0,2.0,0.0,3.0,3.0,5.0,2.0,0.0,3.0,2.0,2.0,2.0,0.0,4.0,3.0,0.0,4.0,2.0,2.0,5.0,0.0,3.0,3.0,3.0,0.0,2.0,3.0,4.0,2.0,3.0,0.0,3.0
BoIm_86,2.0,3.0,0.0,3.0,0.0,2.0,2.0,3.0,5.0,2.0,4.0,2.0,0.0,5.0,3.0,4.0,3.0,0.0,2.0,0.0,3.0,4.0,3.0,4.0,2.0,0.0,3.0,2.0,2.0,0.0,0.0,3.0,3.0,3.0,0.0,1.0,3.0,3.0,3.0,3.0,4.0,2.0
PaXu_55,1.0,1.0,0.0,2.0,0.0,2.0,1.0,1.0,5.0,1.0,0.0,1.0,0.0,3.0,1.0,3.0,1.0,0.0,2.0,4.0,3.0,5.0,4.0,3.0,2.0,5.0,5.0,3.0,2.0,5.0,0.0,2.0,1.0,2.0,4.0,1.0,2.0,3.0,2.0,2.0,0.0,2.0
LiHu_94,2.0,1.0,0.0,2.0,0.0,2.0,2.0,1.0,4.0,2.0,3.0,1.0,0.0,3.0,2.0,2.0,2.0,0.0,1.0,4.0,2.0,5.0,3.0,4.0,1.0,5.0,3.0,1.0,1.0,4.0,0.0,2.0,2.0,2.0,0.0,1.0,2.0,2.0,1.0,2.0,4.0,2.0
CaFl_167,1.0,1.0,0.0,2.0,0.0,2.0,1.0,1.0,5.0,2.0,0.0,1.0,0.0,4.0,1.0,3.0,2.0,0.0,2.0,4.0,2.0,4.0,4.0,3.0,1.0,5.0,4.0,2.0,2.0,5.0,0.0,2.0,2.0,2.0,0.0,1.0,2.0,3.0,1.0,2.0,0.0,1.0
PoDo_63,1.0,1.0,0.0,3.0,0.0,2.0,1.0,1.0,4.0,1.0,0.0,2.0,0.0,5.0,1.0,4.0,2.0,0.0,1.0,5.0,3.0,0.0,5.0,4.0,2.0,0.0,5.0,3.0,1.0,0.0,0.0,2.0,1.0,2.0,5.0,1.0,2.0,3.0,2.0,2.0,0.0,2.0
CyCo_176,1.0,1.0,0.0,2.0,0.0,2.0,1.0,1.0,5.0,1.0,4.0,1.0,0.0,3.0,1.0,2.0,1.0,0.0,2.0,5.0,3.0,0.0,2.0,3.0,2.0,0.0,3.0,2.0,1.0,0.0,0.0,2.0,2.0,2.0,0.0,1.0,2.0,3.0,1.0,2.0,4.0,1.0
HaSa_226,2.0,2.0,0.0,3.0,0.0,2.0,2.0,2.0,4.0,1.0,4.0,2.0,0.0,4.0,2.0,4.0,3.0,0.0,2.0,5.0,3.0,0.0,3.0,3.0,2.0,0.0,5.0,2.0,2.0,5.0,0.0,2.0,2.0,2.0,0.0,1.0,2.0,4.0,1.0,2.0,5.0,1.0
DiQu_110,1.0,2.0,0.0,2.0,0.0,2.0,1.0,1.0,5.0,2.0,0.0,2.0,0.0,4.0,2.0,3.0,1.0,4.0,1.0,5.0,2.0,0.0,4.0,4.0,2.0,0.0,5.0,2.0,2.0,0.0,0.0,2.0,2.0,2.0,2.0,1.0,3.0,2.0,1.0,2.0,0.0,4.0
DuNo_20,2.0,2.0,0.0,1.0,0.0,2.0,2.0,3.0,4.0,2.0,4.0,2.0,0.0,2.0,2.0,2.0,2.0,4.0,2.0,4.0,3.0,4.0,4.0,4.0,2.0,0.0,2.0,3.0,2.0,0.0,0.0,3.0,2.0,3.0,4.0,1.0,4.0,2.0,2.0,3.0,0.0,3.0
CaFl_390,2.0,2.0,0.0,3.0,5.0,3.0,2.0,2.0,5.0,3.0,4.0,2.0,0.0,3.0,3.0,4.0,2.0,0.0,3.0,5.0,3.0,5.0,4.0,4.0,2.0,0.0,5.0,2.0,2.0,5.0,0.0,2.0,2.0,3.0,4.0,2.0,4.0,3.0,1.0,3.0,0.0,3.0
PaPo_42,2.0,1.0,0.0,2.0,0.0,2.0,3.0,1.0,5.0,2.0,4.0,2.0,0.0,4.0,2.0,3.0,1.0,5.0,2.0,4.0,2.0,4.0,5.0,5.0,3.0,0.0,4.0,2.0,2.0,5.0,0.0,2.0,2.0,2.0,5.0,2.0,3.0,3.0,2.0,2.0,0.0,4.0
AtCo_112,2.0,3.0,5.0,3.0,0.0,3.0,3.0,2.0,0.0,3.0,0.0,3.0,0.0,3.0,3.0,4.0,2.0,0.0,2.0,5.0,3.0,0.0,0.0,5.0,2.0,5.0,3.0,3.0,3.0,0.0,0.0,2.0,3.0,3.0,5.0,2.0,4.0,3.0,2.0,3.0,0.0,4.0
CyCo_204,2.0,2.0,0.0,3.0,0.0,3.0,3.0,2.0,5.0,3.0,0.0,3.0,0.0,5.0,3.0,3.0,3.0,0.0,2.0,3.0,2.0,3.0,5.0,3.0,2.0,5.0,4.0,3.0,3.0,4.0,0.0,3.0,3.0,3.0,5.0,2.0,3.0,3.0,2.0,3.0,0.0,4.0
AeAe_98,3.0,2.0,0.0,3.0,0.0,2.0,3.0,3.0,0.0,3.0,0.0,2.0,0.0,4.0,3.0,2.0,3.0,0.0,2.0,5.0,2.0,0.0,0.0,4.0,3.0,0.0,5.0,3.0,3.0,0.0,0.0,3.0,2.0,2.0,3.0,2.0,3.0,3.0,2.0,3.0,0.0,5.0
CrSe_14,2.0,2.0,0.0,3.0,0.0,3.0,3.0,2.0,0.0,2.0,0.0,2.0,0.0,4.0,2.0,4.0,2.0,0.0,2.0,5.0,3.0,0.0,5.0,0.0,2.0,5.0,4.0,2.0,2.0,5.0,0.0,2.0,3.0,3.0,0.0,2.0,5.0,3.0,2.0,3.0,0.0,5.0
HaSa_189,3.0,2.0,0.0,3.0,0.0,3.0,3.0,3.0,0.0,3.0,0.0,2.0,0.0,4.0,3.0,3.0,3.0,5.0,2.0,4.0,3.0,4.0,5.0,5.0,3.0,5.0,0.0,3.0,2.0,4.0,0.0,2.0,3.0,3.0,0.0,2.0,4.0,3.0,2.0,2.0,0.0,3.0
BoIm_119,2.0,2.0,0.0,2.0,0.0,3.0,2.0,2.0,5.0,2.0,0.0,1.0,5.0,3.0,2.0,2.0,2.0,4.0,2.0,4.0,2.0,4.0,5.0,5.0,2.0,5.0,0.0,3.0,2.0,5.0,0.0,2.0,2.0,2.0,4.0,2.0,3.0,4.0,1.0,2.0,0.0,2.0
ApCe_100,3.0,4.0,0.0,5.0,0.0,3.0,3.0,3.0,5.0,3.0,5.0,2.0,4.0,0.0,4.0,5.0,3.0,0.0,4.0,5.0,3.0,4.0,0.0,3.0,3.0,0.0,3.0,4.0,3.0,0.0,0.0,3.0,4.0,3.0,0.0,2.0,4.0,0.0,3.0,3.0,0.0,4.0
AeAe_42,2.0,2.0,0.0,3.0,0.0,3.0,2.0,2.0,5.0,3.0,5.0,3.0,0.0,0.0,2.0,4.0,2.0,0.0,2.0,5.0,3.0,3.0,0.0,4.0,2.0,0.0,0.0,4.0,3.0,4.0,0.0,3.0,2.0,2.0,0.0,2.0,3.0,3.0,3.0,3.0,0.0,5.0
DrGr_34,3.0,2.0,0.0,4.0,0.0,3.0,3.0,3.0,4.0,3.0,4.0,3.0,4.0,0.0,3.0,5.0,3.0,0.0,3.0,3.0,3.0,4.0,0.0,3.0,3.0,0.0,2.0,2.0,3.0,5.0,0.0,3.0,3.0,3.0,0.0,2.0,4.0,4.0,2.0,3.0,0.0,4.0
CyCo_149,2.0,1.0,0.0,3.0,0.0,2.0,1.0,2.0,4.0,2.0,5.0,3.0,4.0,3.0,2.0,3.0,2.0,0.0,1.0,4.0,2.0,5.0,0.0,4.0,2.0,0.0,3.0,3.0,2.0,5.0,0.0,2.0,2.0,2.0,0.0,2.0,2.0,2.0,1.0,2.0,0.0,3.0
AeAe_73,3.0,1.0,0.0,4.0,0.0,2.0,4.0,2.0,4.0,4.0,0.0,3.0,3.0,0.0,2.0,4.0,2.0,0.0,3.0,4.0,1.0,0.0,0.0,0.0,4.0,0.0,0.0,4.0,2.0,5.0,0.0,2.0,2.0,2.0,0.0,2.0,5.0,5.0,2.0,2.0,0.0,4.0
AmTr_12,3.0,3.0,0.0,4.0,0.0,3.0,3.0,3.0,3.0,2.0,0.0,3.0,5.0,0.0,3.0,4.0,2.0,0.0,2.0,5.0,2.0,5.0,0.0,4.0,3.0,0.0,0.0,2.0,3.0,5.0,0.0,3.0,3.0,3.0,0.0,2.0,3.0,5.0,2.0,3.0,0.0,3.0
ApCe_46,2.0,1.0,0.0,2.0,0.0,2.0,2.0,2.0,3.0,2.0,0.0,3.0,5.0,0.0,1.0,4.0,2.0,0.0,2.0,3.0,2.0,4.0,0.0,5.0,2.0,0.0,0.0,3.0,1.0,5.0,0.0,2.0,1.0,2.0,0.0,1.0,3.0,3.0,1.0,2.0,0.0,4.0
TrCa_161,3.0,2.0,0.0,4.0,0.0,3.0,3.0,2.0,5.0,2.0,0.0,2.0,0.0,0.0,2.0,4.0,3.0,0.0,2.0,5.0,3.0,0.0,0.0,0.0,3.0,0.0,4.0,2.0,2.0,0.0,0.0,3.0,3.0,2.0,0.0,2.0,4.0,4.0,2.0,2.0,0.0,3.0
WaAu_251,1.0,1.0,0.0,4.0,0.0,2.0,2.0,2.0,5.0,2.0,0.0,1.0,0.0,0.0,3.0,4.0,2.0,0.0,1.0,5.0,3.0,5.0,0.0,0.0,2.0,0.0,0.0,3.0,2.0,0.0,0.0,2.0,2.0,2.0,0.0,2.0,3.0,4.0,1.0,2.0,0.0,4.0
ApMe_63,1.0,2.0,0.0,4.0,0.0,3.0,2.0,2.0,5.0,3.0,0.0,3.0,4.0,0.0,3.0,5.0,2.0,0.0,3.0,4.0,2.0,4.0,0.0,0.0,2.0,0.0,0.0,5.0,3.0,4.0,0.0,3.0,3.0,3.0,0.0,2.0,3.0,0.0,2.0,3.0,0.0,4.0
DrGr_29,3.0,3.0,0.0,3.0,0.0,4.0,3.0,2.0,5.0,3.0,0.0,2.0,0.0,0.0,3.0,5.0,3.0,0.0,3.0,5.0,3.0,0.0,5.0,0.0,3.0,0.0,0.0,4.0,3.0,5.0,0.0,3.0,3.0,3.0,0.0,2.0,3.0,5.0,2.0,3.0,0.0,3.0
CaFl_174,2.0,2.0,0.0,3.0,0.0,3.0,2.0,2.0,5.0,3.0,0.0,2.0,0.0,0.0,3.0,3.0,3.0,0.0,3.0,5.0,3.0,5.0,0.0,0.0,3.0,0.0,0.0,4.0,2.0,4.0,0.0,3.0,2.0,2.0,0.0,2.0,3.0,5.0,2.0,3.0,0.0,3.0
SiFl_11,2.0,1.0,0.0,3.0,0.0,2.0,2.0,1.0,4.0,2.0,5.0,2.0,5.0,5.0,1.0,4.0,2.0,0.0,3.0,3.0,1.0,4.0,0.0,0.0,2.0,0.0,0.0,2.0,2.0,0.0,0.0,2.0,2.0,2.0,0.0,1.0,3.0,3.0,2.0,2.0,0.0,0.0
RhMa_24,2.0,1.0,0.0,3.0,0.0,2.0,3.0,2.0,4.0,3.0,4.0,3.0,5.0,0.0,3.0,5.0,1.0,0.0,2.0,3.0,2.0,5.0,0.0,0.0,3.0,0.0,0.0,3.0,1.0,5.0,0.0,2.0,2.0,1.0,0.0,2.0,4.0,4.0,1.0,3.0,0.0,5.0
AnGa_59,2.0,1.0,0.0,1.0,0.0,2.0,3.0,3.0,5.0,3.0,3.0,3.0,4.0,1.0,2.0,1.0,1.0,0.0,2.0,3.0,2.0,4.0,0.0,0.0,3.0,4.0,0.0,5.0,2.0,3.0,4.0,2.0,1.0,2.0,0.0,1.0,3.0,2.0,2.0,1.0,0.0,0.0
VaTa_52,3.0,2.0,0.0,1.0,5.0,2.0,3.0,2.0,4.0,2.0,0.0,4.0,5.0,4.0,2.0,2.0,2.0,0.0,2.0,4.0,2.0,5.0,0.0,0.0,2.0,0.0,0.0,4.0,2.0,3.0,5.0,3.0,2.0,2.0,3.0,2.0,4.0,4.0,1.0,3.0,0.0,0.0
VaTa_50,3.0,2.0,0.0,2.0,0.0,2.0,3.0,2.0,4.0,4.0,0.0,4.0,4.0,4.0,2.0,3.0,1.0,0.0,2.0,4.0,1.0,4.0,0.0,0.0,3.0,0.0,0.0,3.0,2.0,4.0,0.0,1.0,1.0,2.0,0.0,3.0,5.0,2.0,3.0,1.0,0.0,0.0
ApMe_54,2.0,2.0,0.0,1.0,0.0,1.0,2.0,2.0,5.0,2.0,0.0,4.0,3.0,4.0,1.0,2.0,2.0,0.0,4.0,4.0,2.0,4.0,0.0,0.0,3.0,0.0,0.0,3.0,3.0,4.0,0.0,3.0,1.0,2.0,4.0,2.0,4.0,3.0,2.0,3.0,0.0,4.0
HaSa_200,3.0,3.0,0.0,1.0,0.0,2.0,3.0,3.0,5.0,3.0,4.0,3.0,4.0,0.0,2.0,4.0,2.0,0.0,3.0,3.0,2.0,3.0,0.0,5.0,3.0,0.0,0.0,3.0,3.0,3.0,4.0,3.0,2.0,3.0,5.0,3.0,5.0,5.0,1.0,3.0,0.0,0.0
ApCe_63,2.0,2.0,0.0,2.0,0.0,1.0,2.0,3.0,5.0,3.0,4.0,5.0,4.0,4.0,1.0,2.0,2.0,0.0,2.0,4.0,2.0,5.0,0.0,3.0,2.0,5.0,0.0,3.0,2.0,5.0,0.0,2.0,1.0,2.0,4.0,1.0,2.0,2.0,2.0,2.0,0.0,0.0
TrZe_120,3.0,2.0,0.0,1.0,0.0,2.0,3.0,3.0,4.0,3.0,4.0,3.0,5.0,3.0,3.0,2.0,2.0,0.0,2.0,4.0,2.0,4.0,0.0,3.0,3.0,5.0,0.0,4.0,2.0,3.0,4.0,2.0,2.0,2.0,2.0,3.0,4.0,3.0,3.0,2.0,0.0,0.0
OoBi_339,3.0,2.0,0.0,3.0,0.0,3.0,3.0,3.0,0.0,3.0,5.0,3.0,0.0,3.0,3.0,4.0,2.0,0.0,2.0,4.0,3.0,0.0,0.0,4.0,3.0,0.0,3.0,5.0,3.0,5.0,0.0,2.0,3.0,2.0,0.0,3.0,4.0,3.0,3.0,3.0,0.0,0.0
AgPl_12,2.0,2.0,0.0,4.0,5.0,2.0,2.0,3.0,0.0,2.0,4.0,4.0,3.0,4.0,2.0,4.0,2.0,0.0,3.0,3.0,3.0,3.0,0.0,4.0,3.0,0.0,3.0,3.0,3.0,4.0,3.0,3.0,2.0,2.0,0.0,1.0,4.0,4.0,2.0,3.0,0.0,0.0
ZeCu_62,4.0,2.0,0.0,3.0,0.0,3.0,4.0,3.0,4.0,4.0,0.0,3.0,5.0,3.0,3.0,4.0,3.0,0.0,2.0,4.0,2.0,5.0,0.0,0.0,4.0,0.0,0.0,4.0,2.0,5.0,0.0,3.0,3.0,3.0,4.0,3.0,4.0,3.0,3.0,2.0,0.0,0.0
CyCo_104,3.0,2.0,0.0,2.0,0.0,3.0,2.0,3.0,3.0,4.0,4.0,3.0,4.0,4.0,2.0,4.0,3.0,4.0,3.0,3.0,2.0,4.0,0.0,0.0,3.0,4.0,0.0,3.0,2.0,4.0,0.0,2.0,3.0,3.0,0.0,3.0,5.0,5.0,2.0,2.0,0.0,0.0
DrPe_65,3.0,3.0,0.0,3.0,0.0,2.0,3.0,3.0,5.0,3.0,4.0,3.0,5.0,5.0,3.0,5.0,2.0,4.0,3.0,3.0,3.0,0.0,0.0,0.0,3.0,0.0,5.0,3.0,3.0,0.0,0.0,2.0,2.0,3.0,5.0,2.0,4.0,4.0,3.0,3.0,0.0,3.0
CaFl_394,3.0,2.0,0.0,2.0,4.0,2.0,2.0,2.0,3.0,2.0,4.0,3.0,0.0,4.0,2.0,2.0,2.0,5.0,2.0,3.0,3.0,3.0,0.0,4.0,3.0,0.0,4.0,2.0,2.0,4.0,4.0,2.0,2.0,3.0,4.0,2.0,3.0,2.0,2.0,2.0,0.0,3.0
ApFl_92,2.0,2.0,0.0,2.0,0.0,3.0,2.0,2.0,3.0,2.0,5.0,1.0,5.0,3.0,2.0,2.0,2.0,5.0,2.0,4.0,2.0,4.0,0.0,5.0,3.0,0.0,3.0,2.0,2.0,3.0,4.0,2.0,2.0,2.0,3.0,1.0,3.0,2.0,1.0,2.0,0.0,4.0
TrNi_26,2.0,2.0,0.0,2.0,5.0,3.0,2.0,2.0,3.0,3.0,5.0,3.0,5.0,3.0,2.0,2.0,2.0,5.0,2.0,4.0,2.0,4.0,0.0,3.0,2.0,0.0,3.0,3.0,2.0,3.0,4.0,2.0,2.0,3.0,3.0,1.0,3.0,3.0,2.0,2.0,0.0,4.0
MoPh_118,3.0,2.0,0.0,1.0,0.0,1.0,3.0,2.0,3.0,3.0,0.0,3.0,4.0,3.0,2.0,2.0,1.0,5.0,1.0,3.0,2.0,3.0,0.0,0.0,2.0,0.0,0.0,3.0,2.0,2.0,3.0,2.0,1.0,2.0,3.0,2.0,3.0,2.0,2.0,2.0,0.0,3.0
AnGa_28,3.0,1.0,0.0,1.0,0.0,2.0,2.0,3.0,4.0,3.0,3.0,3.0,5.0,1.0,2.0,2.0,2.0,4.0,1.0,3.0,2.0,4.0,0.0,3.0,2.0,0.0,1.0,2.0,2.0,3.0,4.0,2.0,2.0,2.0,2.0,1.0,3.0,2.0,2.0,2.0,0.0,0.0
BoIm_108,3.0,3.0,0.0,1.0,5.0,2.0,3.0,3.0,4.0,3.0,3.0,3.0,4.0,2.0,3.0,2.0,2.0,5.0,2.0,3.0,2.0,3.0,0.0,3.0,2.0,0.0,4.0,3.0,3.0,4.0,5.0,3.0,1.0,3.0,2.0,2.0,4.0,3.0,2.0,2.0,0.0,4.0
TrCa_127,3.0,3.0,0.0,2.0,5.0,3.0,2.0,2.0,4.0,2.0,0.0,2.0,5.0,2.0,2.0,2.0,3.0,3.0,2.0,3.0,3.0,4.0,0.0,3.0,2.0,0.0,5.0,2.0,3.0,3.0,5.0,3.0,2.0,3.0,3.0,1.0,4.0,4.0,1.0,3.0,0.0,3.0
BoTe_77,1.0,2.0,0.0,2.0,4.0,2.0,1.0,1.0,5.0,2.0,5.0,2.0,4.0,3.0,2.0,2.0,2.0,5.0,2.0,4.0,3.0,5.0,0.0,3.0,1.0,0.0,4.0,2.0,3.0,4.0,3.0,3.0,1.0,2.0,4.0,1.0,3.0,3.0,2.0,3.0,0.0,3.0
DiQu_156,2.0,1.0,0.0,1.0,4.0,2.0,2.0,2.0,3.0,2.0,4.0,3.0,4.0,3.0,1.0,2.0,1.0,5.0,1.0,3.0,2.0,3.0,0.0,3.0,2.0,0.0,3.0,1.0,2.0,3.0,4.0,2.0,2.0,2.0,4.0,1.0,3.0,2.0,1.0,2.0,0.0,3.0
CeSo_23,2.0,2.0,0.0,2.0,4.0,2.0,2.0,2.0,4.0,2.0,5.0,1.0,4.0,2.0,2.0,2.0,2.0,0.0,1.0,3.0,2.0,4.0,2.0,3.0,2.0,0.0,5.0,2.0,2.0,4.0,3.0,3.0,2.0,2.0,4.0,1.0,2.0,2.0,1.0,2.0,4.0,2.0
VoEm_345,2.0,2.0,0.0,2.0,3.0,2.0,2.0,2.0,5.0,2.0,4.0,2.0,5.0,1.0,2.0,2.0,2.0,4.0,2.0,3.0,3.0,3.0,2.0,2.0,2.0,0.0,3.0,2.0,2.0,3.0,4.0,2.0,2.0,2.0,3.0,1.0,2.0,2.0,1.0,2.0,4.0,1.0
AeAe_41,3.0,2.0,0.0,2.0,0.0,2.0,2.0,3.0,4.0,3.0,4.0,4.0,0.0,2.0,2.0,2.0,3.0,5.0,3.0,4.0,2.0,5.0,0.0,5.0,3.0,0.0,4.0,3.0,2.0,5.0,0.0,3.0,2.0,2.0,5.0,3.0,4.0,3.0,2.0,3.0,0.0,0.0
HeAr_34,3.0,2.0,0.0,2.0,0.0,2.0,3.0,3.0,4.0,3.0,5.0,3.0,0.0,4.0,2.0,3.0,2.0,5.0,1.0,4.0,2.0,4.0,0.0,4.0,3.0,0.0,4.0,3.0,2.0,4.0,0.0,2.0,2.0,3.0,4.0,2.0,4.0,3.0,2.0,2.0,0.0,4.0
CyCo_200,3.0,2.0,0.0,1.0,0.0,2.0,3.0,3.0,3.0,3.0,4.0,2.0,3.0,4.0,2.0,2.0,2.0,5.0,2.0,3.0,2.0,2.0,0.0,3.0,3.0,0.0,3.0,2.0,2.0,2.0,3.0,2.0,2.0,1.0,4.0,3.0,3.0,3.0,2.0,2.0,0.0,3.0
ApFl_130,2.0,2.0,0.0,2.0,0.0,2.0,2.0,2.0,3.0,2.0,3.0,3.0,5.0,2.0,2.0,2.0,2.0,5.0,2.0,3.0,2.0,3.0,0.0,2.0,3.0,0.0,3.0,2.0,3.0,3.0,0.0,3.0,2.0,2.0,3.0,2.0,3.0,3.0,2.0,2.0,0.0,4.0
CoFl_75,2.0,1.0,0.0,2.0,0.0,2.0,2.0,1.0,3.0,2.0,2.0,2.0,3.0,4.0,1.0,3.0,1.0,5.0,1.0,2.0,2.0,3.0,0.0,3.0,2.0,4.0,4.0,1.0,1.0,2.0,0.0,2.0,1.0,2.0,4.0,1.0,3.0,2.0,1.0,2.0,0.0,3.0
AnGa_24,1.0,1.0,0.0,2.0,0.0,2.0,2.0,2.0,3.0,1.0,4.0,3.0,4.0,2.0,1.0,2.0,1.0,4.0,1.0,3.0,1.0,3.0,3.0,3.0,2.0,5.0,4.0,2.0,2.0,3.0,0.0,2.0,2.0,2.0,5.0,1.0,3.0,3.0,1.0,2.0,0.0,3.0
CaFl_324,2.0,2.0,0.0,2.0,0.0,2.0,2.0,2.0,0.0,2.0,4.0,1.0,4.0,0.0,2.0,5.0,2.0,5.0,2.0,3.0,3.0,4.0,0.0,5.0,3.0,5.0,0.0,4.0,2.0,4.0,0.0,2.0,3.0,2.0,0.0,1.0,3.0,4.0,2.0,2.0,0.0,3.0
HaSa_238,3.0,2.0,5.0,2.0,0.0,2.0,3.0,2.0,4.0,3.0,4.0,3.0,5.0,2.0,1.0,2.0,2.0,3.0,2.0,3.0,1.0,3.0,0.0,4.0,2.0,4.0,3.0,3.0,1.0,3.0,5.0,3.0,1.0,2.0,2.0,2.0,3.0,3.0,3.0,3.0,0.0,5.0
HaSa_122,3.0,1.0,0.0,2.0,0.0,2.0,3.0,3.0,3.0,2.0,5.0,1.0,5.0,1.0,1.0,2.0,2.0,5.0,2.0,4.0,1.0,4.0,0.0,5.0,3.0,5.0,0.0,4.0,1.0,4.0,5.0,1.0,2.0,3.0,5.0,3.0,3.0,2.0,2.0,1.0,0.0,4.0
DrPe_12,3.0,2.0,0.0,2.0,0.0,3.0,3.0,3.0,3.0,3.0,5.0,2.0,4.0,2.0,2.0,2.0,2.0,5.0,2.0,3.0,2.0,4.0,0.0,5.0,3.0,5.0,0.0,4.0,2.0,3.0,4.0,2.0,2.0,3.0,4.0,3.0,3.0,3.0,2.0,2.0,0.0,4.0
BoTe_73,2.0,1.0,0.0,3.0,0.0,2.0,2.0,2.0,4.0,2.0,5.0,2.0,5.0,5.0,2.0,3.0,2.0,0.0,2.0,3.0,2.0,4.0,0.0,0.0,2.0,0.0,0.0,3.0,2.0,4.0,5.0,2.0,2.0,2.0,4.0,2.0,3.0,5.0,2.0,2.0,0.0,3.0
HaSa_116,2.0,1.0,0.0,1.0,3.0,2.0,1.0,2.0,4.0,2.0,0.0,3.0,4.0,4.0,3.0,2.0,2.0,0.0,2.0,3.0,2.0,4.0,0.0,0.0,2.0,0.0,0.0,2.0,2.0,3.0,4.0,3.0,2.0,2.0,2.0,1.0,3.0,3.0,1.0,3.0,0.0,4.0
ApFl_122,3.0,2.0,0.0,1.0,0.0,1.0,3.0,3.0,3.0,3.0,5.0,3.0,5.0,3.0,2.0,2.0,2.0,5.0,3.0,2.0,1.0,3.0,0.0,0.0,3.0,0.0,0.0,2.0,2.0,3.0,3.0,2.0,1.0,2.0,5.0,3.0,5.0,3.0,2.0,2.0,0.0,5.0
WaAu_234,3.0,1.0,0.0,1.0,0.0,2.0,2.0,2.0,4.0,2.0,3.0,3.0,4.0,3.0,1.0,2.0,1.0,0.0,2.0,3.0,2.0,3.0,0.0,0.0,3.0,0.0,0.0,3.0,2.0,4.0,0.0,2.0,1.0,2.0,5.0,2.0,4.0,4.0,3.0,2.0,0.0,4.0
PaMa_10,2.0,2.0,0.0,1.0,5.0,2.0,3.0,2.0,3.0,3.0,3.0,2.0,5.0,3.0,3.0,2.0,2.0,5.0,2.0,4.0,2.0,3.0,0.0,0.0,3.0,0.0,0.0,4.0,2.0,4.0,4.0,2.0,2.0,3.0,5.0,2.0,3.0,2.0,2.0,2.0,0.0,4.0
PoDo_82,2.0,2.0,0.0,3.0,0.0,2.0,2.0,2.0,4.0,3.0,3.0,2.0,4.0,5.0,2.0,4.0,2.0,0.0,2.0,3.0,2.0,5.0,5.0,4.0,2.0,0.0,0.0,1.0,2.0,5.0,0.0,2.0,2.0,3.0,0.0,1.0,3.0,4.0,1.0,2.0,0.0,3.0
HaSa_110,2.0,1.0,0.0,1.0,0.0,2.0,2.0,2.0,3.0,3.0,5.0,2.0,5.0,2.0,2.0,2.0,1.0,5.0,1.0,4.0,1.0,4.0,4.0,4.0,2.0,0.0,0.0,2.0,1.0,4.0,0.0,2.0,1.0,2.0,4.0,2.0,3.0,2.0,1.0,3.0,0.0,5.0
HaSa_108,2.0,2.0,0.0,2.0,0.0,2.0,2.0,1.0,3.0,2.0,3.0,2.0,5.0,3.0,2.0,2.0,1.0,5.0,1.0,2.0,2.0,3.0,4.0,4.0,2.0,0.0,2.0,1.0,2.0,3.0,0.0,2.0,2.0,2.0,5.0,1.0,2.0,2.0,1.0,2.0,0.0,4.0
CaFl_154,3.0,3.0,0.0,3.0,0.0,3.0,3.0,3.0,4.0,3.0,5.0,2.0,5.0,2.0,2.0,3.0,2.0,0.0,2.0,3.0,2.0,3.0,5.0,5.0,3.0,0.0,0.0,2.0,2.0,4.0,0.0,2.0,3.0,2.0,5.0,2.0,4.0,2.0,2.0,3.0,0.0,3.0
DrBu_43,2.0,2.0,0.0,2.0,0.0,2.0,2.0,2.0,4.0,3.0,5.0,1.0,4.0,2.0,2.0,3.0,2.0,0.0,2.0,3.0,2.0,4.0,5.0,3.0,2.0,0.0,2.0,3.0,2.0,4.0,0.0,2.0,2.0,2.0,0.0,2.0,3.0,2.0,1.0,2.0,4.0,3.0
TrCa_169,3.0,2.0,0.0,2.0,0.0,3.0,2.0,2.0,5.0,3.0,5.0,1.0,0.0,2.0,2.0,3.0,1.0,0.0,1.0,4.0,2.0,5.0,5.0,4.0,2.0,0.0,0.0,2.0,2.0,5.0,0.0,2.0,2.0,2.0,5.0,1.0,3.0,3.0,1.0,3.0,0.0,3.0
DrAr_30,3.0,3.0,0.0,3.0,3.0,3.0,3.0,3.0,4.0,3.0,5.0,3.0,5.0,0.0,2.0,4.0,2.0,0.0,3.0,3.0,3.0,4.0,0.0,3.0,3.0,0.0,3.0,2.0,2.0,3.0,5.0,3.0,2.0,3.0,0.0,2.0,5.0,4.0,2.0,3.0,0.0,4.0
MeRo_105,2.0,2.0,0.0,2.0,5.0,3.0,3.0,3.0,5.0,3.0,5.0,2.0,5.0,2.0,2.0,3.0,2.0,0.0,2.0,5.0,2.0,5.0,0.0,3.0,3.0,5.0,0.0,3.0,2.0,4.0,0.0,3.0,3.0,3.0,3.0,2.0,4.0,3.0,3.0,2.0,0.0,4.0
WaAu_119,3.0,2.0,0.0,2.0,0.0,2.0,2.0,2.0,5.0,2.0,5.0,3.0,4.0,3.0,2.0,3.0,1.0,5.0,2.0,3.0,2.0,3.0,0.0,3.0,2.0,0.0,2.0,3.0,2.0,4.0,5.0,2.0,2.0,3.0,4.0,2.0,3.0,3.0,2.0,2.0,0.0,0.0
PaXu_52,3.0,2.0,0.0,2.0,0.0,2.0,3.0,1.0,5.0,3.0,5.0,1.0,0.0,4.0,2.0,3.0,1.0,5.0,2.0,4.0,2.0,5.0,0.0,5.0,2.0,0.0,0.0,2.0,2.0,5.0,5.0,2.0,2.0,3.0,4.0,2.0,3.0,3.0,1.0,2.0,0.0,3.0
AnGa_27,3.0,2.0,0.0,1.0,0.0,2.0,2.0,2.0,5.0,3.0,4.0,3.0,5.0,3.0,2.0,3.0,2.0,4.0,3.0,4.0,3.0,5.0,0.0,5.0,3.0,0.0,0.0,3.0,2.0,4.0,4.0,3.0,2.0,2.0,3.0,2.0,4.0,3.0,2.0,2.0,0.0,5.0
ApCe_94,2.0,2.0,0.0,2.0,0.0,3.0,3.0,2.0,4.0,2.0,4.0,3.0,5.0,3.0,2.0,4.0,2.0,0.0,2.0,4.0,2.0,5.0,0.0,0.0,3.0,0.0,0.0,3.0,3.0,5.0,5.0,2.0,2.0,3.0,5.0,2.0,4.0,4.0,2.0,2.0,0.0,5.0
AnGa_46,3.0,2.0,0.0,1.0,0.0,1.0,3.0,2.0,4.0,2.0,0.0,3.0,5.0,3.0,2.0,2.0,2.0,0.0,3.0,3.0,2.0,4.0,0.0,5.0,2.0,0.0,5.0,4.0,2.0,5.0,5.0,2.0,1.0,2.0,4.0,3.0,4.0,4.0,1.0,2.0,0.0,5.0
HaSa_179,2.0,3.0,0.0,2.0,5.0,2.0,3.0,3.0,4.0,3.0,0.0,2.0,0.0,5.0,2.0,2.0,3.0,0.0,3.0,5.0,3.0,0.0,3.0,5.0,3.0,0.0,4.0,3.0,3.0,5.0,4.0,3.0,2.0,3.0,4.0,2.0,3.0,4.0,2.0,3.0,0.0,3.0
HaSa_157,1.0,2.0,0.0,2.0,0.0,2.0,2.0,2.0,4.0,2.0,0.0,2.0,5.0,4.0,1.0,2.0,3.0,0.0,2.0,4.0,2.0,5.0,0.0,5.0,2.0,0.0,4.0,3.0,2.0,5.0,5.0,3.0,2.0,2.0,4.0,2.0,3.0,4.0,1.0,3.0,0.0,3.0
VoEm_138,2.0,1.0,0.0,2.0,3.0,2.0,1.0,1.0,4.0,3.0,3.0,3.0,5.0,4.0,2.0,3.0,1.0,0.0,2.0,4.0,2.0,4.0,0.0,5.0,1.0,0.0,5.0,1.0,2.0,3.0,5.0,2.0,1.0,2.0,5.0,1.0,3.0,3.0,1.0,2.0,0.0,4.0
AgPl_13,2.0,2.0,0.0,2.0,0.0,2.0,2.0,2.0,4.0,2.0,0.0,1.0,4.0,4.0,2.0,2.0,2.0,0.0,2.0,3.0,2.0,4.0,0.0,5.0,2.0,5.0,0.0,3.0,2.0,4.0,0.0,3.0,2.0,2.0,5.0,2.0,3.0,3.0,2.0,2.0,0.0,4.0
MeRo_136,3.0,2.0,0.0,3.0,3.0,3.0,3.0,3.0,5.0,3.0,0.0,2.0,5.0,4.0,2.0,3.0,3.0,0.0,3.0,4.0,2.0,5.0,0.0,5.0,2.0,0.0,0.0,4.0,3.0,4.0,0.0,3.0,3.0,3.0,5.0,2.0,4.0,4.0,3.0,3.0,0.0,4.0
AmTr_17,2.0,2.0,0.0,1.0,0.0,2.0,2.0,1.0,4.0,2.0,0.0,2.0,5.0,5.0,1.0,3.0,2.0,0.0,2.0,2.0,2.0,3.0,0.0,3.0,2.0,0.0,0.0,3.0,2.0,3.0,2.0,3.0,1.0,2.0,4.0,1.0,3.0,3.0,1.0,3.0,0.0,3.0
DrBu_33,2.0,2.0,0.0,2.0,0.0,2.0,2.0,1.0,3.0,2.0,0.0,3.0,5.0,3.0,2.0,3.0,1.0,0.0,1.0,3.0,2.0,2.0,0.0,3.0,2.0,0.0,4.0,1.0,1.0,3.0,0.0,3.0,2.0,2.0,3.0,1.0,3.0,3.0,2.0,3.0,0.0,3.0
ApCe_119,2.0,2.0,4.0,2.0,0.0,2.0,2.0,2.0,3.0,2.0,0.0,3.0,5.0,4.0,2.0,3.0,2.0,0.0,2.0,3.0,2.0,4.0,0.0,5.0,2.0,0.0,4.0,1.0,2.0,5.0,0.0,2.0,2.0,2.0,5.0,2.0,3.0,3.0,1.0,2.0,0.0,3.0
AnGa_54,2.0,2.0,0.0,3.0,0.0,3.0,2.0,2.0,3.0,2.0,5.0,3.0,5.0,4.0,2.0,3.0,2.0,0.0,2.0,3.0,3.0,4.0,0.0,3.0,2.0,0.0,5.0,3.0,3.0,4.0,0.0,2.0,2.0,2.0,0.0,1.0,2.0,4.0,1.0,3.0,0.0,5.0
BaDo_30,2.0,1.0,0.0,3.0,0.0,2.0,2.0,3.0,5.0,2.0,5.0,3.0,4.0,4.0,2.0,4.0,3.0,0.0,1.0,5.0,2.0,5.0,0.0,4.0,2.0,0.0,5.0,2.0,2.0,5.0,0.0,2.0,2.0,2.0,0.0,2.0,3.0,3.0,1.0,2.0,0.0,5.0
ApCe_91,3.0,2.0,0.0,1.0,0.0,2.0,3.0,2.0,2.0,2.0,0.0,2.0,2.0,4.0,2.0,3.0,3.0,0.0,3.0,2.0,2.0,2.0,0.0,0.0,2.0,0.0,4.0,3.0,2.0,2.0,0.0,2.0,2.0,3.0,0.0,2.0,4.0,4.0,2.0,3.0,0.0,5.0
MoPh_180,2.0,1.0,0.0,3.0,0.0,3.0,2.0,2.0,4.0,2.0,4.0,3.0,4.0,4.0,2.0,3.0,2.0,0.0,2.0,3.0,2.0,3.0,0.0,3.0,2.0,0.0,4.0,2.0,2.0,4.0,0.0,2.0,2.0,3.0,0.0,2.0,3.0,2.0,1.0,2.0,0.0,3.0
DrEr_18,2.0,1.0,0.0,2.0,4.0,2.0,2.0,2.0,3.0,2.0,4.0,2.0,4.0,5.0,2.0,4.0,2.0,0.0,2.0,2.0,2.0,3.0,0.0,0.0,2.0,0.0,0.0,2.0,2.0,4.0,0.0,2.0,2.0,2.0,0.0,2.0,2.0,4.0,2.0,2.0,0.0,4.0
AnGa_11,2.0,2.0,0.0,2.0,5.0,2.0,2.0,1.0,3.0,4.0,5.0,3.0,5.0,3.0,2.0,3.0,1.0,0.0,2.0,3.0,3.0,4.0,0.0,4.0,2.0,0.0,0.0,1.0,2.0,4.0,0.0,2.0,2.0,2.0,5.0,1.0,3.0,2.0,1.0,2.0,0.0,4.0
HeAr_29,3.0,3.0,0.0,2.0,4.0,2.0,3.0,2.0,4.0,3.0,5.0,2.0,4.0,4.0,1.0,3.0,2.0,0.0,2.0,3.0,3.0,3.0,0.0,4.0,2.0,0.0,0.0,4.0,2.0,4.0,0.0,3.0,1.0,3.0,4.0,2.0,4.0,5.0,1.0,3.0,0.0,5.0
OoBi_176,2.0,2.0,0.0,1.0,5.0,2.0,2.0,2.0,3.0,2.0,5.0,2.0,4.0,5.0,2.0,3.0,1.0,0.0,2.0,2.0,2.0,1.0,0.0,5.0,3.0,0.0,4.0,3.0,2.0,1.0,1.0,2.0,1.0,2.0,2.0,1.0,3.0,3.0,1.0,2.0,0.0,4.0
ZeCu_52,3.0,2.0,0.0,2.0,0.0,2.0,3.0,3.0,5.0,3.0,0.0,3.0,0.0,4.0,3.0,4.0,4.0,0.0,3.0,4.0,2.0,4.0,0.0,0.0,3.0,0.0,0.0,3.0,3.0,5.0,0.0,3.0,2.0,3.0,4.0,2.0,4.0,4.0,3.0,3.0,0.0,4.0
LiHu_212,2.0,2.0,0.0,3.0,0.0,2.0,2.0,2.0,5.0,2.0,0.0,2.0,0.0,5.0,2.0,4.0,3.0,0.0,2.0,5.0,3.0,4.0,3.0,3.0,3.0,0.0,0.0,2.0,2.0,4.0,0.0,3.0,3.0,3.0,0.0,2.0,2.0,4.0,2.0,3.0,0.0,1.0
HeAr_27,2.0,2.0,0.0,2.0,0.0,2.0,3.0,2.0,5.0,3.0,4.0,3.0,0.0,4.0,2.0,4.0,1.0,0.0,2.0,4.0,2.0,4.0,0.0,3.0,3.0,0.0,3.0,3.0,2.0,5.0,0.0,3.0,2.0,2.0,5.0,2.0,3.0,4.0,2.0,3.0,0.0,3.0
ApMe_79,1.0,1.0,0.0,2.0,0.0,2.0,2.0,1.0,4.0,2.0,5.0,2.0,0.0,5.0,2.0,3.0,2.0,0.0,2.0,3.0,2.0,4.0,0.0,4.0,2.0,0.0,0.0,4.0,2.0,5.0,0.0,2.0,1.0,2.0,0.0,1.0,3.0,3.0,1.0,2.0,0.0,2.0
LiHu_138,1.0,2.0,0.0,1.0,5.0,2.0,2.0,1.0,4.0,2.0,3.0,1.0,5.0,4.0,1.0,4.0,1.0,5.0,1.0,3.0,2.0,3.0,4.0,3.0,2.0,5.0,4.0,1.0,1.0,4.0,0.0,2.0,2.0,1.0,5.0,1.0,2.0,1.0,1.0,2.0,0.0,2.0
AgPl_11,3.0,1.0,0.0,1.0,4.0,2.0,2.0,2.0,4.0,3.0,4.0,3.0,4.0,3.0,2.0,2.0,2.0,0.0,3.0,4.0,2.0,4.0,4.0,4.0,2.0,5.0,3.0,3.0,3.0,4.0,0.0,2.0,1.0,2.0,5.0,1.0,4.0,3.0,1.0,2.0,4.0,4.0
CiLe_26,2.0,1.0,0.0,1.0,5.0,2.0,2.0,1.0,3.0,2.0,2.0,1.0,3.0,1.0,1.0,1.0,1.0,3.0,1.0,3.0,1.0,3.0,4.0,4.0,2.0,4.0,0.0,1.0,1.0,3.0,4.0,2.0,2.0,1.0,1.0,1.0,3.0,2.0,1.0,2.0,0.0,3.0
CaFl_308,1.0,1.0,0.0,3.0,3.0,2.0,1.0,1.0,2.0,2.0,4.0,1.0,3.0,4.0,1.0,3.0,1.0,0.0,2.0,2.0,2.0,3.0,3.0,2.0,2.0,4.0,2.0,2.0,2.0,3.0,3.0,2.0,1.0,2.0,5.0,1.0,3.0,1.0,1.0,2.0,0.0,2.0
VoEm_327,2.0,1.0,0.0,2.0,5.0,2.0,2.0,1.0,1.0,1.0,4.0,1.0,2.0,2.0,2.0,2.0,1.0,0.0,1.0,2.0,2.0,3.0,2.0,3.0,2.0,5.0,3.0,1.0,1.0,3.0,5.0,2.0,2.0,2.0,4.0,1.0,2.0,1.0,1.0,2.0,5.0,1.0
HaSa_97,2.0,2.0,0.0,2.0,0.0,2.0,2.0,2.0,3.0,2.0,4.0,2.0,2.0,3.0,2.0,4.0,2.0,5.0,2.0,1.0,2.0,1.0,4.0,3.0,2.0,5.0,3.0,1.0,1.0,1.0,5.0,2.0,2.0,2.0,5.0,2.0,3.0,2.0,1.0,2.0,0.0,3.0
TrCa_179,2.0,1.0,0.0,2.0,0.0,2.0,2.0,2.0,1.0,2.0,3.0,2.0,3.0,3.0,2.0,3.0,1.0,0.0,2.0,2.0,2.0,3.0,4.0,4.0,2.0,5.0,4.0,1.0,1.0,2.0,5.0,2.0,2.0,2.0,4.0,1.0,3.0,2.0,1.0,2.0,0.0,3.0
CyCo_177,2.0,1.0,0.0,1.0,0.0,2.0,2.0,2.0,3.0,2.0,3.0,2.0,3.0,2.0,2.0,2.0,2.0,5.0,1.0,2.0,2.0,3.0,3.0,2.0,2.0,5.0,3.0,1.0,2.0,3.0,0.0,2.0,2.0,2.0,5.0,1.0,2.0,2.0,1.0,2.0,4.0,1.0
ApCe_44,1.0,1.0,0.0,1.0,0.0,2.0,1.0,1.0,2.0,1.0,2.0,2.0,3.0,3.0,1.0,2.0,2.0,5.0,2.0,2.0,2.0,3.0,4.0,3.0,2.0,4.0,4.0,1.0,2.0,2.0,4.0,2.0,2.0,1.0,4.0,1.0,2.0,2.0,1.0,2.0,0.0,1.0
ApMe_90,2.0,1.0,0.0,1.0,0.0,2.0,2.0,2.0,2.0,2.0,3.0,2.0,3.0,3.0,2.0,2.0,1.0,0.0,2.0,1.0,2.0,2.0,3.0,3.0,2.0,4.0,3.0,1.0,1.0,2.0,3.0,2.0,2.0,1.0,5.0,1.0,3.0,2.0,1.0,2.0,5.0,2.0
CiLe_24,2.0,1.0,0.0,1.0,0.0,2.0,2.0,2.0,1.0,2.0,1.0,1.0,4.0,2.0,2.0,2.0,1.0,0.0,1.0,2.0,2.0,3.0,2.0,2.0,2.0,4.0,2.0,1.0,1.0,3.0,0.0,2.0,2.0,1.0,5.0,1.0,2.0,2.0,1.0,2.0,3.0,1.0
CyCo_178,2.0,2.0,0.0,2.0,0.0,2.0,2.0,2.0,2.0,2.0,2.0,2.0,3.0,3.0,2.0,3.0,2.0,0.0,2.0,2.0,2.0,4.0,3.0,2.0,2.0,5.0,3.0,2.0,2.0,2.0,0.0,2.0,2.0,2.0,5.0,1.0,2.0,2.0,1.0,2.0,3.0,2.0
CaFl_369,2.0,1.0,0.0,2.0,0.0,2.0,2.0,2.0,2.0,2.0,2.0,2.0,4.0,3.0,1.0,2.0,1.0,4.0,1.0,2.0,2.0,3.0,4.0,3.0,2.0,5.0,0.0,1.0,2.0,4.0,5.0,2.0,2.0,2.0,5.0,1.0,2.0,1.0,1.0,2.0,0.0,2.0
WaAu_162,1.0,2.0,0.0,1.0,0.0,2.0,1.0,1.0,2.0,2.0,3.0,3.0,4.0,3.0,1.0,2.0,1.0,4.0,1.0,2.0,2.0,3.0,4.0,2.0,2.0,5.0,2.0,1.0,1.0,3.0,0.0,2.0,2.0,2.0,3.0,1.0,2.0,2.0,1.0,2.0,3.0,3.0
DrGr_7,2.0,1.0,0.0,1.0,3.0,2.0,2.0,2.0,4.0,2.0,4.0,2.0,5.0,1.0,2.0,2.0,1.0,5.0,1.0,3.0,2.0,3.0,4.0,2.0,2.0,5.0,3.0,1.0,2.0,3.0,3.0,2.0,2.0,1.0,3.0,1.0,2.0,2.0,1.0,2.0,5.0,2.0
AeAe_61,1.0,1.0,0.0,1.0,0.0,2.0,1.0,1.0,2.0,2.0,2.0,3.0,2.0,2.0,1.0,2.0,1.0,4.0,1.0,2.0,2.0,2.0,5.0,1.0,2.0,4.0,3.0,2.0,1.0,2.0,3.0,2.0,1.0,2.0,3.0,1.0,2.0,2.0,1.0,2.0,0.0,3.0
DiQu_211,1.0,1.0,0.0,1.0,1.0,2.0,1.0,1.0,2.0,2.0,2.0,2.0,1.0,2.0,1.0,1.0,1.0,5.0,1.0,1.0,1.0,1.0,3.0,3.0,2.0,2.0,4.0,1.0,1.0,1.0,1.0,2.0,1.0,1.0,2.0,1.0,1.0,2.0,1.0,2.0,0.0,2.0
CaFl_226,1.0,1.0,0.0,1.0,3.0,1.0,1.0,1.0,1.0,1.0,2.0,3.0,1.0,2.0,1.0,1.0,1.0,5.0,2.0,1.0,2.0,1.0,4.0,2.0,2.0,2.0,0.0,1.0,1.0,1.0,2.0,2.0,1.0,1.0,2.0,1.0,2.0,2.0,1.0,2.0,0.0,3.0
CyCo_119,2.0,1.0,0.0,1.0,2.0,2.0,2.0,2.0,2.0,3.0,3.0,2.0,2.0,2.0,2.0,1.0,2.0,2.0,2.0,2.0,2.0,3.0,5.0,4.0,2.0,3.0,0.0,2.0,1.0,2.0,2.0,2.0,2.0,2.0,2.0,1.0,3.0,2.0,1.0,2.0,0.0,3.0
CiLe_32,2.0,2.0,0.0,2.0,0.0,2.0,2.0,2.0,3.0,2.0,5.0,2.0,3.0,3.0,1.0,3.0,1.0,4.0,2.0,3.0,2.0,4.0,5.0,3.0,2.0,0.0,0.0,3.0,1.0,5.0,5.0,2.0,2.0,2.0,4.0,1.0,2.0,3.0,1.0,2.0,0.0,2.0
VoEm_167,2.0,2.0,0.0,2.0,0.0,2.0,1.0,1.0,1.0,2.0,5.0,2.0,3.0,1.0,2.0,3.0,1.0,3.0,2.0,1.0,2.0,2.0,3.0,3.0,2.0,5.0,0.0,2.0,2.0,1.0,5.0,2.0,2.0,2.0,4.0,1.0,2.0,2.0,1.0,2.0,0.0,2.0
CeSo_33,1.0,1.0,0.0,2.0,4.0,2.0,2.0,1.0,2.0,2.0,3.0,1.0,3.0,2.0,2.0,3.0,1.0,5.0,2.0,2.0,1.0,3.0,5.0,4.0,1.0,4.0,0.0,1.0,1.0,4.0,5.0,1.0,1.0,1.0,5.0,1.0,2.0,2.0,1.0,1.0,0.0,2.0
HaSa_177,2.0,1.0,0.0,2.0,0.0,2.0,2.0,2.0,3.0,2.0,3.0,1.0,4.0,2.0,2.0,2.0,1.0,0.0,1.0,3.0,2.0,3.0,2.0,2.0,2.0,4.0,2.0,1.0,2.0,3.0,0.0,2.0,2.0,2.0,0.0,1.0,2.0,1.0,1.0,2.0,4.0,1.0
TrSe_129,2.0,2.0,0.0,2.0,0.0,2.0,2.0,2.0,3.0,2.0,2.0,2.0,5.0,3.0,2.0,3.0,2.0,0.0,2.0,4.0,2.0,3.0,2.0,2.0,2.0,5.0,2.0,1.0,2.0,4.0,0.0,2.0,2.0,2.0,0.0,1.0,2.0,2.0,1.0,2.0,4.0,1.0
AeAe_18,2.0,1.0,0.0,1.0,0.0,2.0,2.0,1.0,4.0,1.0,4.0,2.0,5.0,2.0,2.0,3.0,2.0,0.0,2.0,3.0,3.0,4.0,2.0,2.0,2.0,5.0,4.0,1.0,2.0,4.0,0.0,2.0,2.0,2.0,0.0,1.0,2.0,2.0,1.0,2.0,5.0,1.0
VoEm_241,1.0,1.0,0.0,2.0,0.0,2.0,2.0,2.0,2.0,2.0,1.0,2.0,4.0,3.0,2.0,2.0,1.0,0.0,1.0,3.0,3.0,4.0,3.0,3.0,2.0,5.0,4.0,1.0,1.0,3.0,0.0,2.0,2.0,2.0,0.0,1.0,2.0,2.0,1.0,2.0,4.0,2.0
DiQu_161,1.0,2.0,0.0,2.0,0.0,2.0,2.0,1.0,5.0,2.0,3.0,2.0,5.0,3.0,1.0,3.0,1.0,0.0,1.0,4.0,3.0,5.0,2.0,2.0,2.0,4.0,1.0,1.0,2.0,0.0,0.0,2.0,2.0,2.0,0.0,1.0,1.0,2.0,1.0,2.0,5.0,1.0
MoPh_136,2.0,1.0,0.0,2.0,0.0,2.0,2.0,2.0,2.0,2.0,2.0,2.0,3.0,2.0,2.0,3.0,1.0,0.0,2.0,3.0,2.0,2.0,4.0,1.0,2.0,5.0,1.0,1.0,2.0,2.0,0.0,2.0,2.0,2.0,0.0,1.0,2.0,3.0,1.0,2.0,0.0,2.0
VoEm_78,2.0,1.0,0.0,2.0,0.0,2.0,2.0,2.0,2.0,2.0,2.0,2.0,2.0,2.0,1.0,2.0,1.0,0.0,1.0,3.0,2.0,2.0,4.0,1.0,2.0,4.0,1.0,1.0,1.0,2.0,0.0,2.0,2.0,2.0,0.0,1.0,2.0,2.0,1.0,2.0,4.0,2.0
TrCa_133,1.0,2.0,5.0,4.0,0.0,2.0,1.0,2.0,5.0,1.0,2.0,1.0,3.0,0.0,2.0,4.0,3.0,0.0,2.0,3.0,3.0,4.0,3.0,3.0,2.0,0.0,2.0,2.0,2.0,4.0,0.0,2.0,2.0,2.0,0.0,1.0,2.0,3.0,1.0,2.0,4.0,2.0
BaDo_38,2.0,2.0,0.0,2.0,0.0,2.0,1.0,2.0,4.0,2.0,4.0,2.0,5.0,2.0,2.0,2.0,2.0,0.0,2.0,3.0,3.0,4.0,3.0,3.0,2.0,0.0,0.0,2.0,2.0,5.0,0.0,2.0,2.0,2.0,5.0,1.0,2.0,2.0,2.0,3.0,4.0,3.0
DiQu_130,2.0,2.0,0.0,2.0,0.0,2.0,2.0,2.0,4.0,2.0,5.0,1.0,3.0,2.0,1.0,3.0,1.0,0.0,1.0,2.0,2.0,4.0,3.0,3.0,2.0,5.0,0.0,2.0,1.0,2.0,0.0,2.0,2.0,1.0,3.0,1.0,3.0,2.0,1.0,2.0,5.0,2.0
PaXu_18,2.0,1.0,0.0,1.0,0.0,2.0,2.0,2.0,4.0,3.0,4.0,3.0,4.0,3.0,2.0,3.0,1.0,0.0,2.0,3.0,1.0,4.0,0.0,5.0,2.0,5.0,0.0,3.0,1.0,3.0,0.0,2.0,1.0,2.0,2.0,2.0,3.0,2.0,2.0,2.0,0.0,5.0
TrZe_122,1.0,1.0,0.0,2.0,0.0,2.0,2.0,1.0,2.0,2.0,0.0,2.0,4.0,5.0,1.0,3.0,1.0,0.0,1.0,3.0,1.0,3.0,0.0,3.0,2.0,5.0,0.0,2.0,1.0,3.0,0.0,1.0,1.0,1.0,0.0,1.0,3.0,2.0,1.0,2.0,0.0,4.0
MiDe_171,3.0,2.0,0.0,3.0,0.0,3.0,3.0,3.0,4.0,3.0,5.0,1.0,3.0,4.0,2.0,3.0,2.0,0.0,2.0,3.0,2.0,4.0,0.0,5.0,2.0,4.0,0.0,3.0,2.0,3.0,0.0,2.0,3.0,3.0,0.0,2.0,4.0,3.0,2.0,2.0,0.0,4.0
ApCe_55,2.0,1.0,0.0,2.0,0.0,2.0,2.0,2.0,3.0,2.0,4.0,2.0,2.0,3.0,2.0,3.0,2.0,0.0,2.0,2.0,2.0,3.0,0.0,4.0,2.0,4.0,0.0,2.0,1.0,2.0,0.0,2.0,2.0,2.0,3.0,1.0,2.0,2.0,1.0,2.0,0.0,3.0
AeAe_31,1.0,1.0,0.0,3.0,0.0,2.0,2.0,1.0,3.0,2.0,5.0,1.0,5.0,4.0,2.0,4.0,2.0,0.0,2.0,4.0,2.0,5.0,3.0,3.0,2.0,5.0,3.0,3.0,2.0,5.0,5.0,2.0,2.0,2.0,0.0,1.0,3.0,3.0,1.0,2.0,4.0,2.0
ApCe_45,1.0,1.0,0.0,2.0,0.0,2.0,1.0,1.0,2.0,2.0,4.0,2.0,3.0,3.0,1.0,2.0,1.0,0.0,1.0,2.0,1.0,2.0,4.0,1.0,2.0,4.0,5.0,2.0,1.0,2.0,4.0,2.0,1.0,1.0,0.0,1.0,2.0,3.0,1.0,2.0,0.0,1.0
VaTa_31,2.0,2.0,0.0,3.0,4.0,2.0,3.0,1.0,2.0,2.0,4.0,2.0,4.0,5.0,2.0,5.0,1.0,0.0,2.0,1.0,2.0,3.0,4.0,3.0,3.0,0.0,4.0,3.0,2.0,3.0,4.0,2.0,2.0,2.0,0.0,2.0,3.0,3.0,1.0,2.0,0.0,2.0
ApCe_75,2.0,2.0,0.0,2.0,0.0,2.0,2.0,2.0,4.0,2.0,4.0,2.0,0.0,3.0,2.0,2.0,1.0,0.0,1.0,4.0,2.0,3.0,2.0,3.0,2.0,0.0,2.0,1.0,1.0,5.0,5.0,3.0,2.0,2.0,3.0,2.0,2.0,2.0,1.0,3.0,5.0,2.0
HaSa_155,2.0,2.0,0.0,2.0,0.0,3.0,2.0,2.0,3.0,2.0,3.0,2.0,3.0,4.0,2.0,3.0,2.0,0.0,2.0,2.0,2.0,2.0,0.0,2.0,2.0,0.0,3.0,1.0,2.0,3.0,4.0,3.0,3.0,2.0,5.0,2.0,3.0,3.0,1.0,3.0,0.0,3.0
DrEl_33,3.0,2.0,0.0,1.0,0.0,1.0,2.0,2.0,3.0,3.0,0.0,2.0,4.0,3.0,2.0,1.0,1.0,0.0,2.0,3.0,2.0,3.0,3.0,3.0,3.0,0.0,3.0,2.0,2.0,3.0,3.0,3.0,1.0,3.0,1.0,2.0,3.0,3.0,2.0,3.0,0.0,3.0
DrEl_19,1.0,1.0,0.0,2.0,3.0,2.0,2.0,1.0,3.0,2.0,3.0,1.0,5.0,3.0,2.0,2.0,1.0,0.0,2.0,2.0,2.0,3.0,3.0,3.0,2.0,0.0,3.0,2.0,1.0,3.0,4.0,2.0,2.0,2.0,0.0,1.0,2.0,3.0,1.0,2.0,5.0,1.0
TrZe_153,2.0,2.0,0.0,2.0,4.0,2.0,2.0,2.0,4.0,2.0,0.0,2.0,5.0,4.0,2.0,2.0,2.0,0.0,2.0,3.0,3.0,4.0,5.0,3.0,2.0,0.0,2.0,3.0,2.0,4.0,4.0,3.0,2.0,2.0,3.0,1.0,3.0,3.0,2.0,2.0,0.0,3.0
DrBu_55,3.0,2.0,0.0,3.0,0.0,3.0,2.0,2.0,5.0,3.0,4.0,3.0,4.0,4.0,3.0,4.0,2.0,0.0,2.0,3.0,2.0,3.0,5.0,5.0,3.0,0.0,5.0,2.0,3.0,4.0,0.0,2.0,2.0,2.0,0.0,2.0,2.0,3.0,2.0,2.0,0.0,3.0
CoFl_99,2.0,1.0,0.0,2.0,0.0,2.0,1.0,1.0,3.0,3.0,5.0,2.0,3.0,3.0,2.0,3.0,2.0,0.0,2.0,3.0,2.0,4.0,5.0,3.0,2.0,0.0,5.0,2.0,2.0,3.0,4.0,2.0,2.0,2.0,0.0,1.0,2.0,2.0,1.0,2.0,0.0,3.0
VoEm_354,2.0,2.0,0.0,2.0,4.0,2.0,2.0,1.0,3.0,2.0,4.0,2.0,5.0,3.0,2.0,3.0,2.0,0.0,2.0,3.0,2.0,2.0,5.0,3.0,2.0,0.0,5.0,1.0,2.0,3.0,5.0,2.0,2.0,2.0,0.0,1.0,2.0,3.0,1.0,2.0,0.0,3.0
AmTr_28,1.0,1.0,0.0,2.0,0.0,2.0,2.0,2.0,2.0,2.0,5.0,2.0,3.0,2.0,2.0,2.0,1.0,0.0,1.0,2.0,2.0,2.0,0.0,5.0,2.0,4.0,4.0,1.0,1.0,2.0,5.0,2.0,2.0,2.0,4.0,1.0,3.0,2.0,1.0,1.0,0.0,4.0
MoPh_100,2.0,1.0,0.0,2.0,0.0,2.0,2.0,1.0,3.0,1.0,3.0,2.0,3.0,3.0,1.0,2.0,1.0,0.0,2.0,3.0,2.0,3.0,5.0,2.0,1.0,0.0,3.0,1.0,2.0,3.0,0.0,2.0,2.0,2.0,4.0,1.0,2.0,3.0,1.0,2.0,3.0,3.0
CaFl_301,2.0,2.0,0.0,1.0,0.0,2.0,2.0,2.0,2.0,2.0,3.0,2.0,4.0,3.0,1.0,2.0,2.0,2.0,1.0,2.0,2.0,3.0,5.0,3.0,2.0,0.0,0.0,1.0,2.0,3.0,5.0,2.0,2.0,2.0,1.0,1.0,3.0,2.0,1.0,2.0,0.0,2.0
CaFl_263,1.0,1.0,0.0,1.0,0.0,2.0,2.0,2.0,2.0,2.0,4.0,2.0,4.0,1.0,2.0,2.0,1.0,3.0,1.0,2.0,2.0,2.0,4.0,3.0,2.0,0.0,5.0,1.0,1.0,3.0,5.0,2.0,1.0,1.0,1.0,1.0,2.0,2.0,1.0,2.0,0.0,3.0
WaAu_213,2.0,2.0,4.0,2.0,0.0,2.0,2.0,2.0,2.0,2.0,5.0,2.0,5.0,4.0,2.0,3.0,1.0,4.0,2.0,4.0,2.0,4.0,5.0,4.0,3.0,4.0,3.0,2.0,2.0,5.0,0.0,2.0,2.0,2.0,0.0,2.0,3.0,3.0,2.0,2.0,0.0,4.0
HaSa_173,2.0,2.0,4.0,4.0,0.0,3.0,2.0,1.0,5.0,2.0,5.0,3.0,5.0,5.0,2.0,5.0,3.0,5.0,3.0,3.0,3.0,4.0,5.0,3.0,2.0,0.0,4.0,3.0,3.0,4.0,0.0,2.0,2.0,3.0,0.0,1.0,4.0,4.0,2.0,3.0,0.0,4.0
VoEm_144,1.0,1.0,0.0,1.0,0.0,2.0,1.0,1.0,4.0,2.0,5.0,1.0,0.0,3.0,2.0,1.0,1.0,4.0,1.0,4.0,2.0,4.0,4.0,4.0,2.0,0.0,0.0,2.0,1.0,4.0,0.0,2.0,2.0,1.0,3.0,1.0,2.0,1.0,1.0,2.0,4.0,3.0
HaSa_109,2.0,1.0,0.0,2.0,0.0,2.0,2.0,2.0,4.0,2.0,4.0,2.0,0.0,1.0,2.0,2.0,1.0,5.0,2.0,3.0,2.0,4.0,4.0,3.0,1.0,0.0,0.0,2.0,1.0,5.0,0.0,2.0,2.0,2.0,5.0,1.0,2.0,2.0,2.0,2.0,0.0,3.0
LiHu_99,2.0,1.0,0.0,1.0,0.0,2.0,2.0,2.0,2.0,2.0,3.0,1.0,4.0,1.0,1.0,2.0,1.0,3.0,1.0,2.0,2.0,2.0,2.0,3.0,2.0,0.0,5.0,1.0,1.0,4.0,0.0,2.0,2.0,1.0,1.0,1.0,2.0,1.0,1.0,2.0,4.0,2.0
VoEm_125,2.0,2.0,0.0,1.0,0.0,2.0,2.0,2.0,3.0,2.0,5.0,1.0,5.0,2.0,2.0,1.0,2.0,5.0,1.0,4.0,2.0,4.0,3.0,2.0,2.0,0.0,3.0,2.0,1.0,4.0,0.0,2.0,2.0,1.0,3.0,1.0,2.0,1.0,1.0,2.0,5.0,2.0
TrCa_151,2.0,1.0,0.0,1.0,0.0,2.0,1.0,2.0,2.0,2.0,3.0,2.0,4.0,2.0,1.0,2.0,1.0,4.0,1.0,2.0,1.0,2.0,4.0,2.0,2.0,0.0,0.0,1.0,1.0,2.0,0.0,2.0,1.0,2.0,0.0,1.0,2.0,2.0,1.0,2.0,0.0,3.0
HaSa_222,2.0,2.0,0.0,2.0,0.0,2.0,2.0,1.0,3.0,2.0,3.0,2.0,0.0,3.0,2.0,3.0,2.0,3.0,1.0,3.0,2.0,5.0,5.0,5.0,2.0,0.0,0.0,3.0,2.0,4.0,0.0,2.0,2.0,2.0,0.0,1.0,3.0,2.0,1.0,2.0,0.0,3.0
LiHu_95,2.0,1.0,0.0,1.0,0.0,2.0,2.0,1.0,3.0,2.0,4.0,1.0,4.0,1.0,2.0,2.0,1.0,2.0,1.0,2.0,1.0,3.0,4.0,2.0,2.0,0.0,3.0,3.0,1.0,4.0,0.0,2.0,2.0,2.0,1.0,2.0,2.0,1.0,2.0,2.0,0.0,3.0
PoDo_73,1.0,1.0,0.0,3.0,0.0,2.0,2.0,1.0,4.0,2.0,3.0,2.0,4.0,3.0,2.0,4.0,2.0,5.0,1.0,3.0,2.0,4.0,4.0,3.0,2.0,0.0,4.0,2.0,2.0,4.0,0.0,2.0,2.0,3.0,0.0,1.0,2.0,4.0,1.0,2.0,4.0,3.0
AmTr_57,2.0,1.0,0.0,2.0,0.0,2.0,2.0,2.0,3.0,2.0,4.0,2.0,3.0,1.0,1.0,3.0,2.0,0.0,2.0,2.0,2.0,4.0,5.0,0.0,2.0,5.0,5.0,2.0,2.0,3.0,0.0,2.0,2.0,2.0,5.0,1.0,2.0,2.0,1.0,2.0,0.0,4.0
CaFl_303,2.0,1.0,0.0,1.0,0.0,2.0,2.0,2.0,4.0,2.0,4.0,3.0,5.0,2.0,2.0,1.0,1.0,4.0,2.0,3.0,2.0,4.0,5.0,3.0,2.0,5.0,5.0,2.0,2.0,4.0,5.0,2.0,1.0,2.0,3.0,1.0,3.0,2.0,1.0,2.0,0.0,4.0
ZeCu_74,3.0,2.0,0.0,3.0,0.0,3.0,3.0,3.0,3.0,3.0,5.0,2.0,4.0,5.0,2.0,3.0,2.0,0.0,2.0,4.0,2.0,4.0,4.0,3.0,3.0,5.0,0.0,3.0,2.0,4.0,4.0,2.0,3.0,3.0,0.0,2.0,4.0,3.0,2.0,2.0,0.0,3.0
CeSo_13,2.0,1.0,0.0,1.0,4.0,2.0,1.0,2.0,3.0,2.0,4.0,1.0,5.0,3.0,2.0,1.0,2.0,0.0,1.0,3.0,2.0,3.0,4.0,4.0,2.0,5.0,0.0,2.0,1.0,4.0,3.0,2.0,2.0,1.0,5.0,1.0,3.0,2.0,1.0,2.0,0.0,3.0
DiQu_98,3.0,1.0,0.0,1.0,0.0,2.0,2.0,2.0,2.0,3.0,4.0,3.0,5.0,2.0,2.0,2.0,1.0,0.0,2.0,3.0,2.0,3.0,5.0,0.0,3.0,4.0,0.0,2.0,1.0,3.0,4.0,2.0,1.0,2.0,4.0,2.0,4.0,2.0,1.0,2.0,0.0,4.0
PoDo_98,2.0,1.0,0.0,2.0,0.0,2.0,2.0,2.0,3.0,3.0,0.0,2.0,3.0,4.0,2.0,2.0,2.0,0.0,1.0,3.0,2.0,3.0,5.0,4.0,2.0,0.0,4.0,3.0,1.0,3.0,5.0,2.0,2.0,3.0,4.0,1.0,3.0,4.0,1.0,2.0,0.0,3.0
MoPh_102,2.0,1.0,0.0,2.0,0.0,2.0,2.0,2.0,2.0,3.0,3.0,2.0,3.0,2.0,2.0,3.0,1.0,0.0,2.0,2.0,2.0,3.0,4.0,4.0,2.0,5.0,5.0,1.0,1.0,2.0,5.0,2.0,1.0,2.0,5.0,2.0,3.0,2.0,1.0,2.0,0.0,3.0
DrBi_44,2.0,1.0,0.0,2.0,0.0,2.0,2.0,2.0,2.0,3.0,3.0,2.0,3.0,3.0,2.0,2.0,1.0,0.0,2.0,2.0,2.0,3.0,5.0,3.0,2.0,5.0,0.0,1.0,1.0,2.0,4.0,2.0,2.0,2.0,5.0,2.0,3.0,2.0,1.0,2.0,0.0,3.0
AmTr_32,2.0,1.0,0.0,2.0,0.0,2.0,3.0,2.0,1.0,1.0,3.0,2.0,2.0,2.0,1.0,2.0,1.0,0.0,1.0,1.0,1.0,2.0,0.0,4.0,3.0,3.0,0.0,1.0,1.0,1.0,5.0,2.0,1.0,1.0,4.0,2.0,3.0,2.0,1.0,1.0,0.0,4.0
ApFl_26,2.0,1.0,0.0,1.0,0.0,1.0,1.0,2.0,4.0,2.0,3.0,3.0,3.0,3.0,1.0,2.0,1.0,0.0,2.0,4.0,2.0,5.0,0.0,2.0,2.0,5.0,3.0,3.0,2.0,4.0,5.0,2.0,1.0,2.0,5.0,1.0,2.0,2.0,1.0,2.0,0.0,5.0
AnGa_20,2.0,2.0,0.0,2.0,0.0,2.0,2.0,2.0,4.0,3.0,2.0,3.0,5.0,3.0,2.0,2.0,3.0,5.0,3.0,2.0,2.0,3.0,4.0,4.0,2.0,0.0,4.0,3.0,2.0,4.0,0.0,3.0,2.0,3.0,0.0,2.0,2.0,3.0,2.0,3.0,0.0,3.0
AnGa_48,2.0,1.0,0.0,1.0,0.0,1.0,1.0,1.0,4.0,2.0,5.0,3.0,4.0,3.0,1.0,2.0,1.0,4.0,2.0,3.0,2.0,2.0,4.0,2.0,2.0,4.0,5.0,3.0,2.0,2.0,5.0,2.0,1.0,2.0,4.0,1.0,2.0,3.0,1.0,2.0,0.0,3.0
TrZe_172,2.0,2.0,0.0,1.0,0.0,2.0,2.0,2.0,4.0,3.0,5.0,2.0,5.0,1.0,1.0,2.0,1.0,5.0,1.0,2.0,1.0,3.0,4.0,3.0,2.0,0.0,0.0,2.0,2.0,3.0,5.0,2.0,2.0,2.0,3.0,1.0,3.0,2.0,2.0,2.0,5.0,4.0
AnGa_47,2.0,1.0,0.0,1.0,5.0,2.0,2.0,2.0,3.0,1.0,3.0,2.0,3.0,3.0,1.0,2.0,1.0,0.0,1.0,3.0,2.0,4.0,4.0,2.0,2.0,4.0,3.0,2.0,2.0,4.0,0.0,2.0,2.0,2.0,4.0,1.0,2.0,2.0,1.0,2.0,5.0,2.0
AnGa_49,2.0,1.0,0.0,1.0,5.0,2.0,1.0,2.0,3.0,2.0,4.0,3.0,4.0,2.0,2.0,2.0,1.0,4.0,2.0,2.0,2.0,3.0,5.0,3.0,2.0,0.0,0.0,2.0,2.0,2.0,4.0,2.0,1.0,1.0,4.0,1.0,3.0,3.0,2.0,2.0,0.0,3.0
CyCo_199,2.0,1.0,0.0,1.0,5.0,1.0,2.0,1.0,4.0,1.0,5.0,2.0,4.0,2.0,2.0,1.0,2.0,5.0,3.0,4.0,2.0,4.0,5.0,3.0,2.0,0.0,4.0,2.0,2.0,3.0,3.0,2.0,1.0,2.0,4.0,1.0,3.0,3.0,1.0,2.0,0.0,2.0
DrAr_51,2.0,2.0,0.0,1.0,5.0,2.0,2.0,2.0,3.0,2.0,3.0,1.0,5.0,3.0,2.0,3.0,1.0,0.0,2.0,2.0,2.0,2.0,5.0,3.0,2.0,0.0,5.0,2.0,2.0,3.0,3.0,2.0,2.0,2.0,3.0,1.0,2.0,3.0,1.0,2.0,0.0,3.0
VaTa_21,2.0,2.0,0.0,2.0,5.0,2.0,2.0,2.0,4.0,2.0,4.0,2.0,4.0,3.0,2.0,2.0,2.0,5.0,2.0,3.0,2.0,3.0,3.0,4.0,3.0,0.0,0.0,3.0,2.0,3.0,0.0,2.0,2.0,2.0,2.0,2.0,2.0,3.0,1.0,2.0,0.0,2.0
HaSa_125,1.0,2.0,0.0,1.0,5.0,2.0,2.0,1.0,5.0,3.0,3.0,3.0,4.0,3.0,1.0,1.0,2.0,4.0,1.0,3.0,2.0,3.0,5.0,4.0,2.0,0.0,4.0,3.0,2.0,4.0,4.0,2.0,1.0,2.0,3.0,1.0,2.0,2.0,2.0,2.0,0.0,3.0
ApFl_124,2.0,2.0,0.0,2.0,4.0,2.0,2.0,2.0,1.0,2.0,5.0,2.0,3.0,2.0,2.0,3.0,1.0,4.0,2.0,1.0,2.0,2.0,5.0,5.0,3.0,0.0,0.0,2.0,1.0,2.0,5.0,2.0,2.0,2.0,5.0,2.0,4.0,2.0,1.0,2.0,0.0,4.0
BaDo_24,2.0,2.0,0.0,2.0,4.0,3.0,3.0,2.0,3.0,2.0,4.0,2.0,0.0,3.0,2.0,3.0,2.0,5.0,2.0,5.0,2.0,5.0,5.0,4.0,2.0,0.0,0.0,3.0,2.0,0.0,4.0,2.0,2.0,2.0,3.0,2.0,3.0,3.0,2.0,2.0,0.0,5.0
DuNo_23,2.0,2.0,0.0,2.0,5.0,2.0,2.0,3.0,5.0,3.0,3.0,1.0,0.0,3.0,2.0,2.0,3.0,5.0,2.0,4.0,2.0,4.0,5.0,4.0,2.0,0.0,0.0,3.0,3.0,4.0,4.0,3.0,2.0,2.0,3.0,2.0,3.0,3.0,3.0,3.0,0.0,3.0
VoEm_192,1.0,2.0,5.0,3.0,5.0,2.0,2.0,2.0,4.0,3.0,4.0,2.0,0.0,5.0,2.0,2.0,2.0,0.0,3.0,4.0,2.0,5.0,4.0,5.0,2.0,0.0,4.0,2.0,1.0,4.0,4.0,3.0,2.0,2.0,4.0,1.0,3.0,4.0,2.0,3.0,0.0,3.0
WaAu_214,2.0,2.0,0.0,1.0,5.0,2.0,2.0,1.0,3.0,2.0,3.0,2.0,2.0,4.0,1.0,2.0,3.0,0.0,3.0,2.0,2.0,2.0,5.0,5.0,2.0,0.0,0.0,3.0,2.0,2.0,5.0,2.0,2.0,3.0,3.0,2.0,3.0,4.0,3.0,2.0,0.0,3.0
HaSa_167,1.0,3.0,0.0,3.0,0.0,3.0,2.0,2.0,4.0,2.0,0.0,2.0,5.0,2.0,2.0,4.0,3.0,5.0,3.0,4.0,3.0,4.0,5.0,5.0,2.0,0.0,0.0,4.0,3.0,5.0,5.0,3.0,3.0,3.0,0.0,2.0,4.0,4.0,2.0,3.0,0.0,3.0
MeRo_107,1.0,1.0,0.0,2.0,3.0,2.0,1.0,2.0,3.0,1.0,0.0,2.0,5.0,3.0,2.0,2.0,2.0,5.0,2.0,3.0,2.0,5.0,3.0,3.0,2.0,0.0,0.0,2.0,2.0,4.0,4.0,2.0,2.0,2.0,4.0,1.0,2.0,3.0,1.0,2.0,0.0,2.0
DrAr_41,2.0,3.0,0.0,3.0,0.0,2.0,2.0,2.0,4.0,3.0,0.0,3.0,5.0,5.0,2.0,4.0,3.0,5.0,3.0,4.0,2.0,5.0,4.0,4.0,3.0,0.0,0.0,2.0,2.0,5.0,5.0,3.0,2.0,2.0,5.0,3.0,3.0,4.0,2.0,3.0,0.0,3.0
AnGa_8,2.0,2.0,0.0,1.0,0.0,2.0,2.0,2.0,4.0,2.0,2.0,4.0,4.0,2.0,2.0,3.0,2.0,5.0,2.0,3.0,2.0,4.0,5.0,5.0,2.0,0.0,0.0,1.0,2.0,4.0,5.0,2.0,1.0,2.0,4.0,1.0,3.0,3.0,1.0,2.0,0.0,4.0
CaFl_293,1.0,1.0,0.0,1.0,0.0,1.0,1.0,1.0,4.0,2.0,0.0,2.0,3.0,3.0,1.0,1.0,1.0,5.0,1.0,4.0,1.0,3.0,5.0,4.0,1.0,0.0,0.0,2.0,1.0,3.0,4.0,2.0,1.0,2.0,3.0,1.0,2.0,1.0,1.0,2.0,0.0,5.0
CyCo_151,2.0,1.0,0.0,1.0,0.0,1.0,2.0,2.0,1.0,2.0,4.0,2.0,3.0,1.0,1.0,2.0,1.0,3.0,1.0,2.0,2.0,2.0,5.0,3.0,2.0,0.0,0.0,1.0,1.0,3.0,5.0,2.0,1.0,2.0,2.0,1.0,2.0,2.0,1.0,2.0,0.0,4.0
WaAu_236,2.0,1.0,0.0,2.0,5.0,2.0,2.0,1.0,2.0,2.0,2.0,3.0,4.0,2.0,2.0,2.0,1.0,0.0,1.0,1.0,2.0,2.0,5.0,4.0,2.0,4.0,0.0,1.0,2.0,3.0,0.0,2.0,2.0,2.0,5.0,1.0,2.0,2.0,1.0,2.0,0.0,3.0
AmTr_50,2.0,1.0,0.0,2.0,4.0,2.0,2.0,1.0,2.0,3.0,3.0,2.0,4.0,2.0,1.0,2.0,1.0,4.0,1.0,1.0,1.0,3.0,5.0,4.0,2.0,0.0,3.0,1.0,1.0,2.0,4.0,2.0,2.0,2.0,2.0,1.0,3.0,2.0,1.0,2.0,0.0,4.0
TrCa_162,2.0,2.0,0.0,1.0,5.0,2.0,2.0,2.0,1.0,2.0,3.0,3.0,2.0,2.0,2.0,2.0,1.0,3.0,1.0,1.0,2.0,1.0,5.0,3.0,2.0,3.0,5.0,2.0,2.0,2.0,3.0,2.0,2.0,2.0,1.0,1.0,3.0,2.0,2.0,2.0,0.0,4.0
AeAe_32,2.0,1.0,0.0,1.0,5.0,1.0,2.0,2.0,2.0,2.0,2.0,3.0,3.0,2.0,1.0,2.0,1.0,3.0,2.0,2.0,2.0,2.0,5.0,4.0,2.0,4.0,4.0,2.0,2.0,2.0,0.0,2.0,2.0,2.0,2.0,1.0,2.0,2.0,2.0,2.0,0.0,3.0
BoTe_130,3.0,1.0,3.0,1.0,5.0,2.0,2.0,1.0,2.0,3.0,3.0,3.0,3.0,3.0,1.0,2.0,1.0,5.0,1.0,3.0,1.0,2.0,5.0,3.0,2.0,4.0,3.0,1.0,1.0,2.0,4.0,3.0,1.0,1.0,0.0,2.0,3.0,4.0,1.0,2.0,4.0,3.0
DrAr_27,1.0,1.0,0.0,2.0,5.0,1.0,2.0,2.0,4.0,2.0,3.0,2.0,3.0,2.0,1.0,2.0,1.0,4.0,1.0,3.0,2.0,4.0,5.0,4.0,1.0,4.0,3.0,1.0,1.0,4.0,4.0,2.0,1.0,1.0,2.0,1.0,3.0,1.0,1.0,2.0,0.0,4.0
PaPo_25,2.0,1.0,0.0,1.0,4.0,2.0,2.0,2.0,4.0,2.0,4.0,3.0,5.0,2.0,1.0,1.0,1.0,4.0,1.0,4.0,1.0,4.0,4.0,3.0,2.0,5.0,5.0,1.0,2.0,4.0,4.0,2.0,2.0,2.0,1.0,1.0,3.0,2.0,1.0,2.0,0.0,4.0
AeAe_70,1.0,1.0,0.0,1.0,0.0,1.0,2.0,1.0,1.0,1.0,4.0,3.0,2.0,1.0,2.0,1.0,1.0,5.0,1.0,1.0,1.0,1.0,0.0,3.0,2.0,3.0,0.0,1.0,2.0,1.0,2.0,1.0,1.0,1.0,3.0,2.0,2.0,1.0,1.0,1.0,0.0,4.0
TrZe_130,3.0,1.0,0.0,1.0,2.0,2.0,2.0,2.0,3.0,3.0,3.0,3.0,2.0,3.0,2.0,2.0,2.0,5.0,3.0,2.0,1.0,2.0,0.0,4.0,3.0,3.0,0.0,2.0,1.0,2.0,3.0,2.0,1.0,2.0,1.0,1.0,4.0,3.0,2.0,2.0,0.0,4.0
DrBu_46,2.0,2.0,0.0,1.0,4.0,2.0,2.0,3.0,3.0,2.0,3.0,2.0,4.0,1.0,1.0,2.0,1.0,4.0,2.0,2.0,2.0,2.0,0.0,4.0,3.0,3.0,0.0,2.0,2.0,2.0,3.0,2.0,2.0,2.0,3.0,2.0,3.0,2.0,3.0,2.0,0.0,4.0
PoDo_76,2.0,1.0,0.0,1.0,5.0,2.0,2.0,2.0,2.0,2.0,2.0,2.0,3.0,1.0,1.0,1.0,2.0,5.0,1.0,2.0,2.0,2.0,0.0,3.0,2.0,1.0,0.0,2.0,2.0,2.0,4.0,2.0,2.0,2.0,3.0,2.0,3.0,1.0,2.0,2.0,0.0,3.0
ApMe_77,2.0,1.0,0.0,1.0,5.0,2.0,2.0,2.0,2.0,2.0,2.0,2.0,4.0,2.0,1.0,2.0,1.0,5.0,1.0,2.0,1.0,2.0,0.0,3.0,2.0,3.0,4.0,1.0,1.0,3.0,4.0,1.0,2.0,2.0,3.0,1.0,2.0,2.0,1.0,1.0,0.0,5.0
HaSa_193,2.0,1.0,0.0,2.0,5.0,2.0,1.0,1.0,2.0,2.0,5.0,2.0,3.0,2.0,2.0,2.0,1.0,4.0,2.0,2.0,2.0,2.0,0.0,3.0,2.0,5.0,3.0,2.0,1.0,2.0,5.0,2.0,2.0,2.0,2.0,1.0,3.0,2.0,1.0,2.0,0.0,3.0
PaPo_30,3.0,2.0,0.0,2.0,5.0,2.0,2.0,2.0,3.0,2.0,3.0,2.0,4.0,1.0,2.0,2.0,2.0,4.0,1.0,3.0,2.0,3.0,0.0,4.0,2.0,4.0,5.0,2.0,2.0,3.0,5.0,2.0,2.0,2.0,2.0,2.0,3.0,2.0,2.0,2.0,0.0,3.0
AmTr_42,1.0,1.0,0.0,1.0,5.0,2.0,1.0,1.0,3.0,2.0,0.0,2.0,4.0,2.0,2.0,2.0,1.0,0.0,2.0,2.0,2.0,3.0,0.0,4.0,2.0,0.0,4.0,3.0,1.0,2.0,5.0,2.0,2.0,2.0,3.0,1.0,3.0,3.0,2.0,2.0,0.0,4.0
TrNi_46,3.0,1.0,0.0,1.0,4.0,2.0,2.0,3.0,4.0,3.0,4.0,3.0,4.0,3.0,2.0,3.0,2.0,0.0,2.0,3.0,2.0,4.0,0.0,4.0,3.0,0.0,4.0,3.0,3.0,3.0,3.0,2.0,1.0,3.0,3.0,3.0,3.0,3.0,2.0,2.0,0.0,4.0
AnGa_45,2.0,1.0,0.0,1.0,4.0,2.0,2.0,2.0,4.0,2.0,0.0,3.0,3.0,2.0,1.0,2.0,2.0,0.0,2.0,3.0,2.0,3.0,0.0,3.0,2.0,3.0,5.0,2.0,1.0,3.0,4.0,2.0,1.0,2.0,3.0,2.0,3.0,3.0,1.0,2.0,0.0,0.0
AnGa_41,2.0,2.0,0.0,2.0,4.0,2.0,3.0,2.0,3.0,2.0,5.0,3.0,3.0,2.0,2.0,3.0,2.0,0.0,2.0,3.0,2.0,3.0,0.0,4.0,2.0,5.0,4.0,3.0,2.0,2.0,4.0,2.0,2.0,2.0,5.0,2.0,2.0,3.0,1.0,2.0,0.0,5.0
DrBu_68,2.0,2.0,0.0,2.0,5.0,3.0,2.0,2.0,4.0,2.0,4.0,1.0,5.0,2.0,3.0,3.0,2.0,4.0,2.0,4.0,2.0,4.0,2.0,3.0,2.0,0.0,5.0,3.0,2.0,4.0,5.0,2.0,3.0,2.0,5.0,2.0,3.0,2.0,2.0,2.0,3.0,3.0
VoEm_163,2.0,2.0,0.0,2.0,5.0,3.0,2.0,3.0,4.0,3.0,5.0,2.0,5.0,1.0,2.0,2.0,2.0,0.0,2.0,4.0,2.0,4.0,0.0,4.0,2.0,0.0,4.0,3.0,2.0,3.0,5.0,3.0,2.0,2.0,3.0,2.0,4.0,3.0,2.0,2.0,0.0,3.0
WaAu_160,1.0,1.0,0.0,2.0,5.0,2.0,2.0,2.0,3.0,2.0,3.0,2.0,4.0,3.0,1.0,1.0,1.0,0.0,1.0,3.0,1.0,3.0,0.0,2.0,2.0,5.0,4.0,1.0,1.0,3.0,5.0,2.0,1.0,1.0,3.0,1.0,2.0,2.0,1.0,2.0,0.0,4.0
HaLa_71,2.0,1.0,0.0,1.0,0.0,2.0,2.0,1.0,2.0,2.0,2.0,4.0,3.0,3.0,1.0,3.0,1.0,0.0,2.0,1.0,2.0,3.0,0.0,2.0,2.0,3.0,5.0,1.0,2.0,3.0,5.0,2.0,1.0,2.0,0.0,1.0,3.0,3.0,1.0,2.0,0.0,4.0
VoEm_186,1.0,2.0,0.0,1.0,4.0,2.0,1.0,1.0,5.0,2.0,4.0,2.0,5.0,3.0,2.0,2.0,2.0,4.0,2.0,5.0,2.0,5.0,0.0,5.0,2.0,5.0,3.0,2.0,2.0,4.0,5.0,2.0,2.0,2.0,2.0,1.0,3.0,3.0,1.0,3.0,0.0,4.0
VoEm_187,3.0,2.0,0.0,1.0,4.0,2.0,2.0,1.0,4.0,3.0,5.0,2.0,4.0,2.0,2.0,1.0,1.0,5.0,2.0,4.0,2.0,4.0,5.0,5.0,2.0,5.0,3.0,2.0,2.0,3.0,3.0,3.0,2.0,2.0,2.0,1.0,2.0,3.0,2.0,3.0,0.0,4.0
AeAe_35,2.0,1.0,0.0,2.0,5.0,2.0,2.0,2.0,2.0,3.0,2.0,3.0,2.0,2.0,1.0,2.0,2.0,5.0,2.0,1.0,2.0,1.0,0.0,4.0,3.0,3.0,5.0,1.0,2.0,2.0,4.0,2.0,1.0,2.0,4.0,2.0,3.0,3.0,1.0,2.0,0.0,4.0
HeAr_35,2.0,1.0,0.0,1.0,3.0,2.0,2.0,2.0,2.0,3.0,4.0,2.0,4.0,2.0,2.0,2.0,1.0,4.0,1.0,3.0,2.0,3.0,0.0,5.0,2.0,5.0,5.0,2.0,1.0,2.0,3.0,2.0,2.0,2.0,2.0,1.0,4.0,2.0,2.0,2.0,0.0,4.0
ApFl_132,2.0,1.0,0.0,1.0,5.0,1.0,2.0,1.0,1.0,2.0,2.0,3.0,2.0,3.0,1.0,2.0,1.0,4.0,2.0,1.0,1.0,1.0,0.0,4.0,2.0,5.0,0.0,1.0,1.0,2.0,5.0,2.0,1.0,2.0,4.0,2.0,3.0,3.0,1.0,2.0,0.0,4.0
AmTr_34,2.0,1.0,0.0,1.0,4.0,2.0,2.0,2.0,3.0,2.0,5.0,2.0,5.0,1.0,2.0,2.0,2.0,4.0,2.0,3.0,2.0,3.0,0.0,4.0,2.0,5.0,0.0,2.0,2.0,3.0,4.0,2.0,2.0,2.0,4.0,1.0,3.0,2.0,1.0,2.0,0.0,4.0
DrVi_47,3.0,1.0,0.0,2.0,5.0,2.0,3.0,3.0,3.0,2.0,4.0,2.0,3.0,4.0,2.0,2.0,2.0,0.0,2.0,4.0,1.0,3.0,0.0,3.0,3.0,4.0,0.0,3.0,1.0,3.0,4.0,2.0,2.0,2.0,2.0,3.0,3.0,3.0,1.0,2.0,0.0,5.0
AeAe_37,2.0,1.0,0.0,1.0,0.0,1.0,2.0,2.0,3.0,3.0,2.0,4.0,2.0,1.0,1.0,2.0,1.0,0.0,3.0,2.0,2.0,4.0,0.0,5.0,3.0,2.0,4.0,2.0,2.0,2.0,3.0,2.0,1.0,2.0,4.0,1.0,3.0,3.0,1.0,2.0,0.0,4.0
AeAe_79,2.0,1.0,0.0,1.0,0.0,1.0,2.0,1.0,3.0,2.0,4.0,3.0,3.0,3.0,1.0,1.0,1.0,0.0,2.0,2.0,1.0,3.0,0.0,5.0,3.0,3.0,0.0,3.0,2.0,3.0,4.0,2.0,1.0,2.0,4.0,1.0,4.0,3.0,1.0,1.0,0.0,4.0
AnGa_58,3.0,2.0,0.0,2.0,5.0,2.0,3.0,3.0,3.0,3.0,5.0,2.0,2.0,2.0,2.0,2.0,2.0,0.0,3.0,3.0,2.0,3.0,0.0,4.0,2.0,4.0,5.0,2.0,2.0,3.0,3.0,2.0,2.0,2.0,1.0,2.0,4.0,3.0,3.0,3.0,0.0,3.0
TrZe_131,2.0,1.0,0.0,1.0,2.0,2.0,2.0,1.0,2.0,3.0,2.0,2.0,2.0,2.0,2.0,1.0,2.0,3.0,2.0,2.0,2.0,1.0,0.0,0.0,3.0,4.0,0.0,1.0,1.0,1.0,2.0,2.0,1.0,2.0,2.0,1.0,3.0,2.0,1.0,2.0,0.0,4.0
DrVi_44,2.0,2.0,0.0,1.0,3.0,2.0,2.0,2.0,3.0,3.0,4.0,2.0,4.0,2.0,1.0,2.0,1.0,4.0,2.0,2.0,1.0,3.0,0.0,4.0,3.0,0.0,0.0,3.0,1.0,2.0,3.0,2.0,2.0,2.0,2.0,2.0,3.0,2.0,1.0,2.0,0.0,5.0
DrBi_39,3.0,2.0,0.0,2.0,3.0,2.0,3.0,2.0,2.0,2.0,4.0,2.0,3.0,2.0,2.0,2.0,2.0,0.0,2.0,2.0,2.0,3.0,0.0,4.0,3.0,3.0,0.0,3.0,3.0,2.0,2.0,2.0,1.0,2.0,3.0,3.0,3.0,2.0,2.0,2.0,0.0,4.0
AnGa_65,2.0,2.0,0.0,3.0,0.0,2.0,2.0,2.0,0.0,3.0,0.0,3.0,0.0,4.0,2.0,4.0,3.0,0.0,3.0,0.0,2.0,0.0,0.0,0.0,3.0,0.0,0.0,5.0,4.0,0.0,0.0,3.0,2.0,3.0,0.0,1.0,4.0,3.0,2.0,3.0,0.0,5.0
DrFi_35,2.0,3.0,0.0,3.0,0.0,3.0,3.0,3.0,0.0,3.0,0.0,3.0,0.0,5.0,3.0,2.0,3.0,0.0,3.0,0.0,2.0,0.0,0.0,0.0,2.0,0.0,0.0,5.0,3.0,0.0,0.0,3.0,3.0,3.0,5.0,2.0,3.0,5.0,2.0,4.0,0.0,5.0
DrYa_33,2.0,3.0,0.0,3.0,0.0,3.0,3.0,3.0,0.0,2.0,0.0,3.0,0.0,0.0,3.0,3.0,2.0,0.0,3.0,5.0,2.0,0.0,0.0,0.0,2.0,0.0,0.0,5.0,3.0,0.0,0.0,3.0,3.0,3.0,0.0,2.0,4.0,4.0,3.0,3.0,0.0,5.0
DrEl_36,2.0,2.0,0.0,3.0,0.0,3.0,3.0,3.0,0.0,3.0,0.0,3.0,0.0,5.0,4.0,3.0,3.0,0.0,3.0,0.0,2.0,0.0,0.0,5.0,2.0,0.0,0.0,4.0,3.0,0.0,0.0,3.0,3.0,3.0,0.0,2.0,3.0,5.0,3.0,4.0,0.0,5.0
WaAu_188,3.0,2.0,0.0,4.0,0.0,3.0,3.0,3.0,0.0,4.0,0.0,3.0,0.0,5.0,3.0,5.0,2.0,0.0,3.0,4.0,2.0,5.0,0.0,0.0,3.0,0.0,0.0,3.0,3.0,0.0,0.0,3.0,2.0,3.0,0.0,2.0,4.0,5.0,3.0,3.0,0.0,4.0
AgPl_10,3.0,2.0,0.0,4.0,0.0,3.0,3.0,3.0,5.0,4.0,0.0,3.0,0.0,4.0,3.0,5.0,3.0,0.0,2.0,5.0,2.0,0.0,0.0,0.0,3.0,0.0,0.0,3.0,3.0,0.0,5.0,3.0,2.0,4.0,0.0,2.0,5.0,3.0,2.0,2.0,0.0,0.0
ApCe_72,3.0,2.0,0.0,3.0,0.0,2.0,2.0,2.0,5.0,2.0,0.0,3.0,0.0,4.0,2.0,3.0,1.0,0.0,1.0,5.0,3.0,0.0,0.0,0.0,2.0,0.0,0.0,4.0,2.0,0.0,0.0,3.0,2.0,2.0,0.0,2.0,4.0,3.0,3.0,3.0,5.0,0.0
ApMe_76,3.0,3.0,0.0,3.0,0.0,3.0,2.0,2.0,4.0,3.0,0.0,3.0,0.0,4.0,3.0,3.0,2.0,0.0,2.0,5.0,3.0,4.0,0.0,0.0,2.0,0.0,0.0,4.0,3.0,0.0,0.0,3.0,2.0,2.0,4.0,2.0,4.0,4.0,3.0,3.0,0.0,5.0
DrBi_41,3.0,1.0,0.0,2.0,0.0,2.0,3.0,3.0,0.0,3.0,0.0,3.0,0.0,5.0,3.0,3.0,1.0,0.0,3.0,0.0,3.0,0.0,0.0,0.0,3.0,0.0,0.0,3.0,3.0,5.0,5.0,2.0,2.0,2.0,5.0,2.0,4.0,4.0,2.0,3.0,0.0,0.0
DrGr_60,2.0,2.0,0.0,2.0,0.0,2.0,3.0,2.0,5.0,4.0,0.0,4.0,0.0,4.0,3.0,3.0,2.0,5.0,3.0,4.0,3.0,5.0,0.0,0.0,3.0,0.0,0.0,3.0,3.0,5.0,4.0,3.0,2.0,3.0,4.0,2.0,3.0,3.0,2.0,3.0,0.0,5.0
HeAr_66,3.0,3.0,0.0,3.0,0.0,3.0,3.0,2.0,0.0,3.0,0.0,2.0,0.0,5.0,3.0,4.0,2.0,5.0,2.0,5.0,3.0,0.0,0.0,0.0,3.0,0.0,0.0,2.0,3.0,5.0,0.0,2.0,3.0,2.0,0.0,2.0,3.0,5.0,1.0,2.0,0.0,4.0
DrBi_49,2.0,2.0,0.0,2.0,5.0,2.0,2.0,2.0,0.0,4.0,0.0,2.0,0.0,3.0,3.0,3.0,3.0,5.0,2.0,5.0,2.0,5.0,0.0,0.0,2.0,0.0,4.0,5.0,2.0,5.0,0.0,2.0,2.0,3.0,3.0,2.0,4.0,3.0,2.0,3.0,0.0,5.0
TrCa_201,2.0,2.0,0.0,2.0,5.0,2.0,2.0,3.0,0.0,3.0,0.0,4.0,5.0,5.0,2.0,4.0,3.0,5.0,3.0,4.0,2.0,5.0,0.0,0.0,3.0,0.0,0.0,5.0,3.0,4.0,5.0,3.0,2.0,3.0,0.0,2.0,4.0,4.0,3.0,3.0,0.0,4.0
DrVi_13,4.0,2.0,4.0,1.0,0.0,2.0,3.0,4.0,0.0,4.0,0.0,4.0,0.0,3.0,3.0,2.0,2.0,4.0,2.0,4.0,1.0,5.0,0.0,5.0,3.0,0.0,2.0,3.0,2.0,4.0,5.0,2.0,2.0,4.0,2.0,3.0,0.0,2.0,2.0,2.0,0.0,0.0
OoBi_311,3.0,3.0,0.0,1.0,0.0,2.0,2.0,3.0,4.0,3.0,0.0,4.0,0.0,4.0,3.0,2.0,2.0,0.0,2.0,4.0,3.0,0.0,0.0,5.0,2.0,0.0,4.0,4.0,3.0,5.0,0.0,3.0,2.0,2.0,1.0,1.0,5.0,4.0,2.0,3.0,0.0,0.0
DrFi_57,3.0,2.0,0.0,2.0,0.0,2.0,2.0,3.0,0.0,4.0,0.0,0.0,5.0,5.0,2.0,3.0,2.0,0.0,2.0,3.0,2.0,4.0,0.0,5.0,3.0,0.0,4.0,3.0,3.0,4.0,5.0,3.0,1.0,3.0,0.0,2.0,5.0,3.0,2.0,3.0,0.0,0.0
AnGa_51,3.0,3.0,2.0,0.0,0.0,4.0,3.0,3.0,0.0,3.0,5.0,4.0,4.0,0.0,3.0,0.0,3.0,0.0,3.0,2.0,3.0,3.0,0.0,5.0,3.0,0.0,3.0,2.0,3.0,4.0,0.0,3.0,3.0,4.0,0.0,2.0,4.0,5.0,2.0,4.0,0.0,5.0
TrSe_153,3.0,2.0,0.0,4.0,0.0,3.0,3.0,3.0,0.0,4.0,0.0,3.0,0.0,2.0,3.0,3.0,2.0,0.0,2.0,0.0,2.0,0.0,0.0,5.0,3.0,0.0,5.0,4.0,3.0,0.0,0.0,3.0,3.0,3.0,0.0,2.0,4.0,3.0,3.0,3.0,0.0,5.0
ApCe_74,2.0,1.0,0.0,3.0,0.0,2.0,3.0,2.0,4.0,3.0,0.0,4.0,0.0,5.0,3.0,3.0,1.0,0.0,1.0,0.0,2.0,0.0,0.0,5.0,2.0,0.0,4.0,3.0,2.0,0.0,0.0,2.0,2.0,2.0,0.0,1.0,5.0,3.0,3.0,3.0,0.0,5.0
RhMa_30,2.0,3.0,0.0,2.0,0.0,3.0,2.0,3.0,0.0,2.0,0.0,3.0,0.0,5.0,3.0,4.0,3.0,5.0,3.0,5.0,3.0,5.0,0.0,0.0,2.0,0.0,0.0,3.0,3.0,0.0,0.0,3.0,3.0,3.0,5.0,1.0,4.0,4.0,2.0,3.0,0.0,5.0
ApFl_77,3.0,3.0,0.0,3.0,0.0,3.0,3.0,4.0,0.0,3.0,0.0,3.0,0.0,5.0,3.0,4.0,3.0,0.0,3.0,0.0,3.0,0.0,0.0,0.0,3.0,0.0,0.0,5.0,3.0,0.0,0.0,3.0,3.0,2.0,5.0,2.0,4.0,5.0,2.0,4.0,0.0,5.0
TrNi_53,2.0,2.0,0.0,3.0,0.0,2.0,3.0,2.0,0.0,3.0,0.0,2.0,0.0,5.0,3.0,3.0,3.0,4.0,3.0,0.0,2.0,0.0,0.0,0.0,3.0,0.0,0.0,2.0,2.0,0.0,0.0,2.0,2.0,3.0,5.0,2.0,3.0,4.0,1.0,2.0,0.0,3.0
BoIm_51,3.0,2.0,0.0,2.0,0.0,2.0,3.0,3.0,0.0,4.0,0.0,4.0,0.0,5.0,2.0,2.0,4.0,0.0,2.0,0.0,1.0,0.0,0.0,0.0,2.0,0.0,0.0,4.0,3.0,0.0,0.0,3.0,2.0,3.0,5.0,3.0,5.0,4.0,3.0,2.0,0.0,5.0
AeAe_44,4.0,3.0,0.0,3.0,0.0,1.0,3.0,5.0,0.0,5.0,0.0,0.0,0.0,5.0,2.0,3.0,2.0,0.0,3.0,5.0,2.0,0.0,0.0,0.0,2.0,0.0,0.0,4.0,2.0,0.0,0.0,4.0,1.0,4.0,5.0,2.0,5.0,4.0,2.0,4.0,0.0,0.0
OoBi_209,3.0,2.0,0.0,3.0,0.0,2.0,2.0,3.0,0.0,3.0,0.0,3.0,5.0,4.0,2.0,3.0,2.0,0.0,2.0,5.0,2.0,5.0,0.0,0.0,3.0,0.0,3.0,3.0,3.0,0.0,0.0,2.0,2.0,3.0,0.0,1.0,0.0,4.0,2.0,2.0,0.0,0.0
AnGa_21,2.0,1.0,0.0,2.0,0.0,2.0,2.0,2.0,0.0,3.0,0.0,3.0,5.0,5.0,3.0,3.0,2.0,0.0,2.0,5.0,2.0,0.0,0.0,4.0,2.0,0.0,0.0,4.0,3.0,0.0,0.0,3.0,2.0,2.0,0.0,1.0,4.0,3.0,2.0,3.0,0.0,0.0
AnGa_14,3.0,2.0,0.0,2.0,0.0,1.0,3.0,3.0,0.0,4.0,0.0,0.0,0.0,5.0,2.0,2.0,1.0,0.0,4.0,0.0,2.0,0.0,0.0,0.0,4.0,0.0,0.0,0.0,3.0,0.0,0.0,2.0,1.0,2.0,0.0,3.0,0.0,5.0,3.0,2.0,0.0,0.0
AnGa_37,4.0,2.0,0.0,2.0,0.0,2.0,2.0,3.0,0.0,5.0,0.0,0.0,5.0,4.0,1.0,2.0,2.0,0.0,2.0,3.0,1.0,3.0,0.0,0.0,2.0,0.0,0.0,3.0,3.0,5.0,0.0,2.0,1.0,4.0,4.0,3.0,0.0,0.0,3.0,3.0,0.0,0.0
MiDe_110,3.0,3.0,0.0,3.0,0.0,3.0,3.0,3.0,0.0,3.0,0.0,3.0,0.0,4.0,3.0,3.0,3.0,0.0,3.0,5.0,3.0,5.0,0.0,0.0,4.0,0.0,0.0,0.0,3.0,0.0,0.0,3.0,3.0,3.0,4.0,3.0,4.0,4.0,3.0,3.0,0.0,0.0
AnGa_43,3.0,3.0,0.0,3.0,0.0,3.0,3.0,3.0,0.0,4.0,0.0,4.0,0.0,2.0,3.0,2.0,4.0,0.0,3.0,0.0,3.0,0.0,0.0,0.0,2.0,0.0,0.0,0.0,2.0,0.0,0.0,4.0,3.0,3.0,5.0,2.0,4.0,5.0,4.0,3.0,0.0,0.0
TrNi_62,4.0,2.0,0.0,3.0,0.0,2.0,4.0,3.0,0.0,0.0,0.0,4.0,0.0,5.0,2.0,4.0,4.0,0.0,4.0,0.0,2.0,0.0,0.0,0.0,3.0,0.0,0.0,5.0,4.0,0.0,0.0,3.0,2.0,3.0,5.0,4.0,0.0,5.0,5.0,3.0,0.0,0.0
TrSe_173,4.0,2.0,0.0,4.0,0.0,3.0,3.0,3.0,0.0,3.0,0.0,4.0,0.0,4.0,3.0,4.0,3.0,0.0,2.0,4.0,2.0,4.0,0.0,0.0,3.0,0.0,0.0,4.0,4.0,0.0,0.0,3.0,3.0,4.0,5.0,3.0,0.0,4.0,2.0,3.0,0.0,0.0
DrEl_41,4.0,2.0,0.0,2.0,0.0,2.0,3.0,3.0,0.0,3.0,0.0,4.0,0.0,2.0,2.0,3.0,2.0,5.0,2.0,0.0,2.0,0.0,0.0,0.0,3.0,0.0,4.0,5.0,2.0,0.0,0.0,2.0,2.0,2.0,2.0,3.0,0.0,4.0,4.0,2.0,0.0,0.0
TrNi_23,4.0,3.0,0.0,2.0,0.0,2.0,4.0,4.0,0.0,3.0,0.0,3.0,0.0,3.0,3.0,3.0,3.0,5.0,2.0,0.0,3.0,0.0,0.0,0.0,3.0,0.0,0.0,5.0,3.0,5.0,0.0,3.0,2.0,3.0,3.0,4.0,0.0,3.0,5.0,3.0,0.0,0.0
DrBu_66,3.0,3.0,0.0,4.0,0.0,3.0,2.0,3.0,0.0,3.0,0.0,2.0,0.0,0.0,3.0,4.0,3.0,0.0,3.0,0.0,4.0,0.0,5.0,5.0,3.0,0.0,0.0,3.0,3.0,0.0,0.0,3.0,3.0,3.0,0.0,1.0,4.0,5.0,3.0,3.0,5.0,3.0
HeAr_19,2.0,2.0,0.0,4.0,0.0,3.0,2.0,2.0,0.0,2.0,0.0,2.0,0.0,0.0,3.0,5.0,3.0,0.0,3.0,4.0,3.0,5.0,4.0,5.0,2.0,0.0,0.0,3.0,2.0,0.0,0.0,3.0,3.0,3.0,0.0,1.0,3.0,5.0,2.0,3.0,0.0,2.0
ApFl_75,3.0,3.0,0.0,3.0,0.0,2.0,2.0,3.0,0.0,3.0,0.0,3.0,0.0,0.0,2.0,3.0,3.0,0.0,3.0,0.0,4.0,0.0,5.0,4.0,3.0,0.0,4.0,5.0,3.0,0.0,0.0,3.0,2.0,3.0,0.0,2.0,4.0,5.0,3.0,3.0,0.0,4.0
VoEm_237,3.0,3.0,0.0,3.0,0.0,3.0,3.0,3.0,0.0,2.0,0.0,2.0,0.0,5.0,2.0,4.0,3.0,0.0,3.0,0.0,3.0,0.0,4.0,5.0,3.0,0.0,0.0,4.0,3.0,0.0,0.0,3.0,3.0,3.0,0.0,3.0,4.0,3.0,2.0,3.0,0.0,3.0
DrWi_30,3.0,3.0,0.0,4.0,0.0,4.0,3.0,2.0,0.0,3.0,0.0,3.0,0.0,0.0,4.0,5.0,4.0,0.0,3.0,0.0,4.0,0.0,5.0,0.0,3.0,0.0,5.0,5.0,4.0,0.0,0.0,2.0,4.0,4.0,0.0,2.0,4.0,5.0,3.0,3.0,0.0,5.0
CoFl_72,1.0,2.0,0.0,4.0,0.0,3.0,1.0,1.0,0.0,2.0,0.0,2.0,0.0,0.0,3.0,4.0,2.0,0.0,2.0,0.0,3.0,0.0,4.0,4.0,2.0,0.0,0.0,5.0,2.0,0.0,0.0,2.0,2.0,3.0,0.0,1.0,2.0,0.0,1.0,2.0,0.0,2.0
CaFl_166,2.0,2.0,0.0,3.0,0.0,2.0,1.0,2.0,0.0,1.0,0.0,1.0,0.0,0.0,2.0,4.0,2.0,0.0,2.0,0.0,4.0,0.0,5.0,0.0,2.0,0.0,0.0,5.0,2.0,0.0,0.0,2.0,2.0,3.0,0.0,1.0,3.0,5.0,2.0,2.0,0.0,2.0
ApFl_127,2.0,2.0,0.0,3.0,0.0,3.0,2.0,2.0,0.0,2.0,0.0,2.0,0.0,0.0,2.0,5.0,2.0,0.0,2.0,5.0,3.0,0.0,4.0,0.0,2.0,0.0,0.0,4.0,2.0,0.0,0.0,2.0,3.0,2.0,0.0,2.0,3.0,4.0,1.0,2.0,0.0,2.0
ApCe_66,2.0,2.0,0.0,2.0,0.0,2.0,2.0,3.0,0.0,3.0,5.0,3.0,0.0,4.0,2.0,3.0,2.0,0.0,2.0,5.0,3.0,5.0,4.0,4.0,2.0,0.0,4.0,3.0,2.0,0.0,0.0,2.0,2.0,2.0,0.0,2.0,3.0,2.0,1.0,3.0,0.0,3.0
ApCe_47,2.0,1.0,0.0,2.0,0.0,1.0,1.0,1.0,0.0,1.0,5.0,3.0,0.0,4.0,1.0,2.0,2.0,0.0,1.0,5.0,2.0,0.0,4.0,5.0,2.0,0.0,0.0,2.0,2.0,0.0,0.0,2.0,1.0,1.0,0.0,1.0,2.0,2.0,2.0,2.0,0.0,4.0
TrSe_186,2.0,2.0,0.0,3.0,0.0,3.0,2.0,3.0,0.0,3.0,5.0,2.0,0.0,4.0,2.0,4.0,3.0,0.0,2.0,5.0,2.0,5.0,4.0,5.0,2.0,0.0,0.0,3.0,3.0,5.0,0.0,2.0,3.0,2.0,0.0,1.0,3.0,3.0,2.0,3.0,0.0,3.0
SiFl_16,2.0,2.0,0.0,4.0,0.0,3.0,3.0,2.0,0.0,2.0,5.0,2.0,0.0,5.0,3.0,4.0,2.0,0.0,3.0,0.0,3.0,0.0,0.0,5.0,2.0,0.0,0.0,3.0,2.0,0.0,0.0,3.0,3.0,3.0,0.0,2.0,3.0,4.0,2.0,3.0,0.0,4.0
OoBi_162,1.0,2.0,0.0,2.0,0.0,2.0,1.0,1.0,0.0,1.0,0.0,2.0,0.0,5.0,1.0,4.0,1.0,0.0,2.0,0.0,3.0,0.0,0.0,0.0,2.0,0.0,5.0,2.0,1.0,0.0,0.0,2.0,2.0,3.0,0.0,1.0,2.0,4.0,1.0,2.0,0.0,3.0
CaFl_264,1.0,1.0,0.0,2.0,0.0,2.0,2.0,2.0,0.0,2.0,0.0,2.0,0.0,5.0,2.0,3.0,1.0,0.0,1.0,4.0,2.0,5.0,0.0,4.0,2.0,0.0,5.0,3.0,1.0,0.0,0.0,2.0,1.0,2.0,0.0,1.0,3.0,2.0,1.0,2.0,0.0,3.0
CaFl_408,2.0,1.0,0.0,3.0,0.0,2.0,1.0,2.0,0.0,2.0,0.0,3.0,0.0,5.0,2.0,3.0,1.0,0.0,2.0,0.0,2.0,0.0,0.0,4.0,2.0,0.0,2.0,2.0,2.0,0.0,0.0,2.0,1.0,2.0,0.0,2.0,4.0,3.0,1.0,2.0,0.0,3.0
ApCe_73,2.0,1.0,0.0,3.0,0.0,2.0,2.0,2.0,0.0,2.0,0.0,3.0,0.0,3.0,2.0,2.0,2.0,0.0,1.0,5.0,2.0,0.0,5.0,5.0,2.0,0.0,0.0,3.0,2.0,0.0,0.0,2.0,1.0,2.0,0.0,1.0,3.0,3.0,2.0,3.0,0.0,4.0
DrVi_21,2.0,1.0,0.0,3.0,0.0,2.0,1.0,2.0,0.0,2.0,0.0,1.0,0.0,4.0,2.0,3.0,2.0,0.0,1.0,0.0,3.0,0.0,4.0,5.0,2.0,0.0,0.0,4.0,2.0,0.0,0.0,2.0,2.0,2.0,0.0,1.0,3.0,2.0,2.0,1.0,0.0,3.0
VoEm_196,2.0,1.0,0.0,2.0,0.0,2.0,2.0,2.0,0.0,1.0,0.0,1.0,0.0,5.0,2.0,4.0,2.0,0.0,2.0,0.0,4.0,0.0,3.0,0.0,2.0,0.0,0.0,4.0,2.0,0.0,0.0,2.0,2.0,2.0,0.0,1.0,2.0,3.0,2.0,2.0,0.0,1.0
CaFl_248,2.0,2.0,0.0,3.0,0.0,3.0,2.0,2.0,5.0,3.0,0.0,3.0,0.0,5.0,3.0,3.0,2.0,0.0,2.0,0.0,3.0,0.0,0.0,4.0,2.0,0.0,0.0,3.0,2.0,0.0,0.0,2.0,2.0,2.0,0.0,1.0,3.0,3.0,1.0,3.0,0.0,4.0
TrNi_55,2.0,2.0,0.0,2.0,0.0,2.0,2.0,2.0,4.0,2.0,0.0,2.0,0.0,4.0,2.0,3.0,3.0,0.0,2.0,5.0,3.0,0.0,4.0,4.0,2.0,0.0,0.0,3.0,2.0,0.0,0.0,3.0,2.0,2.0,3.0,2.0,2.0,4.0,2.0,3.0,0.0,4.0
AnGa_18,2.0,2.0,0.0,3.0,0.0,2.0,2.0,2.0,5.0,3.0,0.0,1.0,0.0,5.0,2.0,4.0,3.0,0.0,2.0,5.0,2.0,5.0,5.0,5.0,2.0,0.0,0.0,2.0,2.0,0.0,0.0,2.0,2.0,2.0,0.0,1.0,3.0,2.0,1.0,2.0,0.0,4.0
CaFl_405,2.0,1.0,0.0,3.0,0.0,2.0,2.0,2.0,5.0,2.0,0.0,3.0,0.0,5.0,1.0,3.0,2.0,0.0,1.0,0.0,2.0,0.0,0.0,5.0,2.0,0.0,0.0,2.0,2.0,0.0,0.0,2.0,2.0,2.0,0.0,1.0,3.0,3.0,1.0,1.0,0.0,5.0
AnGa_16,2.0,1.0,0.0,2.0,0.0,2.0,2.0,1.0,2.0,2.0,2.0,2.0,0.0,4.0,1.0,3.0,1.0,0.0,2.0,3.0,1.0,2.0,5.0,3.0,2.0,0.0,0.0,1.0,2.0,5.0,0.0,2.0,2.0,2.0,0.0,1.0,2.0,2.0,1.0,2.0,0.0,2.0
HaSa_158,2.0,1.0,0.0,3.0,0.0,1.0,2.0,1.0,3.0,2.0,0.0,2.0,0.0,5.0,2.0,3.0,2.0,0.0,1.0,0.0,1.0,0.0,4.0,0.0,2.0,0.0,0.0,1.0,1.0,5.0,0.0,2.0,2.0,2.0,0.0,1.0,2.0,3.0,1.0,2.0,0.0,4.0
DrBu_44,2.0,2.0,0.0,2.0,0.0,2.0,2.0,2.0,0.0,2.0,0.0,2.0,0.0,4.0,3.0,3.0,3.0,0.0,3.0,5.0,3.0,0.0,5.0,4.0,2.0,0.0,0.0,4.0,2.0,5.0,0.0,2.0,2.0,2.0,0.0,1.0,3.0,4.0,2.0,3.0,0.0,3.0
MoPh_174,2.0,2.0,0.0,3.0,0.0,2.0,2.0,2.0,0.0,2.0,0.0,3.0,0.0,5.0,2.0,4.0,1.0,0.0,1.0,5.0,2.0,0.0,0.0,3.0,2.0,0.0,5.0,3.0,2.0,0.0,0.0,3.0,2.0,2.0,0.0,1.0,3.0,3.0,2.0,3.0,0.0,0.0
OoBi_340,3.0,3.0,0.0,3.0,0.0,3.0,4.0,3.0,0.0,4.0,0.0,3.0,0.0,3.0,3.0,4.0,3.0,0.0,2.0,0.0,3.0,0.0,0.0,0.0,4.0,0.0,4.0,5.0,3.0,0.0,0.0,3.0,3.0,3.0,4.0,3.0,4.0,3.0,3.0,3.0,0.0,0.0
AnGa_33,2.0,1.0,0.0,4.0,0.0,2.0,2.0,1.0,0.0,2.0,0.0,3.0,0.0,0.0,2.0,3.0,1.0,0.0,3.0,0.0,3.0,0.0,0.0,4.0,3.0,0.0,4.0,3.0,2.0,0.0,0.0,2.0,3.0,2.0,0.0,2.0,3.0,4.0,1.0,2.0,0.0,5.0
VoEm_82,2.0,1.0,0.0,3.0,0.0,2.0,2.0,1.0,4.0,2.0,0.0,1.0,0.0,0.0,2.0,5.0,1.0,0.0,2.0,5.0,3.0,0.0,3.0,3.0,2.0,0.0,3.0,2.0,1.0,0.0,0.0,2.0,2.0,2.0,0.0,1.0,2.0,3.0,1.0,2.0,0.0,1.0
TrCa_155,2.0,2.0,0.0,3.0,0.0,2.0,2.0,2.0,0.0,2.0,0.0,2.0,0.0,0.0,3.0,5.0,2.0,0.0,3.0,0.0,3.0,0.0,3.0,3.0,2.0,0.0,5.0,3.0,2.0,0.0,0.0,3.0,2.0,2.0,0.0,1.0,2.0,3.0,2.0,3.0,0.0,3.0
DrMo_42,2.0,2.0,0.0,3.0,0.0,2.0,2.0,2.0,0.0,2.0,0.0,3.0,5.0,0.0,2.0,4.0,2.0,0.0,3.0,0.0,3.0,5.0,0.0,5.0,4.0,0.0,0.0,4.0,2.0,4.0,0.0,2.0,2.0,2.0,0.0,2.0,3.0,5.0,2.0,2.0,0.0,0.0
ApCe_62,1.0,2.0,0.0,3.0,0.0,3.0,2.0,1.0,4.0,1.0,0.0,2.0,5.0,0.0,3.0,4.0,2.0,0.0,3.0,0.0,3.0,0.0,0.0,5.0,2.0,0.0,5.0,3.0,2.0,0.0,0.0,2.0,2.0,2.0,0.0,1.0,2.0,5.0,1.0,2.0,0.0,4.0
TrCa_140,1.0,2.0,0.0,2.0,0.0,2.0,2.0,2.0,0.0,2.0,0.0,2.0,4.0,4.0,2.0,5.0,2.0,0.0,2.0,3.0,2.0,5.0,3.0,5.0,2.0,0.0,0.0,2.0,2.0,0.0,0.0,3.0,2.0,2.0,0.0,1.0,3.0,4.0,2.0,2.0,0.0,2.0
MoPh_103,2.0,2.0,0.0,4.0,0.0,2.0,2.0,1.0,0.0,3.0,0.0,2.0,0.0,4.0,3.0,4.0,2.0,0.0,2.0,5.0,3.0,0.0,4.0,4.0,2.0,0.0,0.0,4.0,2.0,0.0,0.0,3.0,2.0,2.0,0.0,2.0,3.0,3.0,2.0,3.0,0.0,3.0
BoTe_74,2.0,2.0,0.0,2.0,0.0,2.0,2.0,3.0,4.0,2.0,0.0,2.0,0.0,5.0,3.0,3.0,3.0,0.0,2.0,5.0,3.0,5.0,0.0,0.0,2.0,0.0,0.0,4.0,3.0,0.0,0.0,3.0,3.0,2.0,5.0,2.0,4.0,3.0,2.0,2.0,0.0,3.0
VaTa_33,3.0,2.0,0.0,3.0,0.0,2.0,3.0,2.0,4.0,3.0,5.0,3.0,0.0,5.0,2.0,3.0,2.0,0.0,2.0,5.0,2.0,4.0,0.0,0.0,4.0,0.0,0.0,3.0,2.0,0.0,0.0,3.0,2.0,2.0,0.0,3.0,3.0,3.0,2.0,3.0,0.0,0.0
TrNi_63,3.0,2.0,0.0,3.0,0.0,3.0,3.0,3.0,0.0,3.0,0.0,3.0,0.0,4.0,3.0,3.0,3.0,0.0,2.0,5.0,2.0,0.0,0.0,5.0,3.0,0.0,5.0,3.0,3.0,5.0,0.0,3.0,3.0,3.0,5.0,2.0,4.0,4.0,3.0,3.0,0.0,0.0
WaAu_190,3.0,3.0,0.0,3.0,0.0,3.0,3.0,3.0,0.0,3.0,0.0,3.0,0.0,4.0,3.0,4.0,4.0,0.0,4.0,0.0,4.0,0.0,0.0,5.0,3.0,0.0,0.0,5.0,3.0,0.0,0.0,3.0,3.0,3.0,5.0,2.0,4.0,4.0,3.0,4.0,0.0,0.0
DrWi_56,2.0,2.0,0.0,2.0,5.0,3.0,2.0,4.0,0.0,3.0,0.0,2.0,0.0,3.0,2.0,2.0,2.0,0.0,2.0,0.0,3.0,0.0,0.0,4.0,3.0,0.0,0.0,4.0,3.0,0.0,0.0,3.0,2.0,2.0,3.0,1.0,3.0,3.0,3.0,3.0,0.0,3.0
OoBi_220,2.0,2.0,0.0,3.0,4.0,3.0,2.0,2.0,0.0,2.0,0.0,1.0,0.0,0.0,2.0,5.0,3.0,0.0,2.0,5.0,3.0,0.0,4.0,4.0,2.0,0.0,3.0,5.0,2.0,5.0,0.0,2.0,3.0,3.0,4.0,2.0,3.0,5.0,1.0,2.0,5.0,2.0
VoEm_253,1.0,3.0,0.0,3.0,0.0,3.0,1.0,2.0,0.0,3.0,5.0,2.0,0.0,5.0,3.0,3.0,2.0,0.0,3.0,0.0,3.0,0.0,0.0,5.0,2.0,0.0,3.0,3.0,2.0,4.0,0.0,3.0,3.0,3.0,4.0,1.0,3.0,5.0,1.0,3.0,0.0,5.0
DrBu_67,2.0,3.0,0.0,3.0,4.0,3.0,2.0,2.0,0.0,2.0,0.0,2.0,5.0,0.0,3.0,5.0,3.0,0.0,3.0,3.0,3.0,4.0,0.0,5.0,2.0,0.0,0.0,3.0,2.0,3.0,4.0,3.0,3.0,2.0,0.0,2.0,4.0,0.0,2.0,3.0,0.0,2.0
DrWi_55,3.0,2.0,0.0,2.0,5.0,2.0,2.0,3.0,0.0,3.0,0.0,3.0,0.0,3.0,2.0,3.0,2.0,0.0,2.0,0.0,3.0,0.0,0.0,4.0,2.0,0.0,3.0,3.0,3.0,0.0,5.0,2.0,2.0,2.0,4.0,2.0,3.0,3.0,3.0,3.0,0.0,4.0
WaAu_181,2.0,2.0,0.0,1.0,3.0,3.0,2.0,2.0,0.0,3.0,0.0,1.0,5.0,5.0,2.0,2.0,2.0,0.0,2.0,4.0,2.0,5.0,0.0,4.0,2.0,0.0,4.0,2.0,2.0,0.0,4.0,2.0,2.0,2.0,4.0,1.0,3.0,3.0,1.0,2.0,0.0,3.0
PaXu_9,4.0,2.0,0.0,2.0,5.0,2.0,3.0,4.0,0.0,3.0,0.0,4.0,0.0,3.0,2.0,2.0,3.0,0.0,2.0,5.0,2.0,0.0,0.0,4.0,3.0,0.0,5.0,3.0,3.0,5.0,5.0,3.0,2.0,3.0,2.0,3.0,3.0,3.0,3.0,3.0,0.0,0.0
AnGa_32,2.0,3.0,0.0,3.0,0.0,3.0,2.0,2.0,0.0,3.0,0.0,2.0,0.0,3.0,3.0,3.0,4.0,0.0,3.0,5.0,3.0,5.0,0.0,4.0,3.0,0.0,4.0,3.0,3.0,0.0,5.0,3.0,3.0,3.0,5.0,2.0,4.0,5.0,2.0,3.0,0.0,3.0
AeAe_63,2.0,4.0,0.0,0.0,0.0,4.0,2.0,4.0,0.0,4.0,0.0,4.0,0.0,0.0,5.0,0.0,5.0,0.0,5.0,0.0,0.0,0.0,0.0,0.0,4.0,0.0,0.0,0.0,5.0,0.0,0.0,4.0,4.0,3.0,0.0,2.0,5.0,0.0,4.0,4.0,0.0,0.0
RhMa_29,4.0,3.0,0.0,0.0,0.0,4.0,3.0,3.0,0.0,3.0,0.0,4.0,0.0,0.0,4.0,0.0,3.0,0.0,3.0,0.0,3.0,0.0,0.0,0.0,3.0,0.0,0.0,0.0,3.0,0.0,0.0,3.0,3.0,4.0,0.0,3.0,5.0,0.0,3.0,3.0,0.0,0.0
RhMa_28,2.0,5.0,0.0,0.0,0.0,4.0,2.0,3.0,0.0,3.0,0.0,4.0,0.0,0.0,0.0,0.0,4.0,0.0,0.0,0.0,0.0,0.0,0.0,0.0,4.0,0.0,0.0,0.0,5.0,0.0,0.0,4.0,3.0,4.0,0.0,2.0,5.0,0.0,4.0,5.0,0.0,4.0
TrCa_192,3.0,4.0,0.0,0.0,0.0,3.0,2.0,4.0,0.0,4.0,0.0,2.0,0.0,0.0,4.0,0.0,3.0,0.0,2.0,0.0,4.0,0.0,0.0,0.0,2.0,0.0,0.0,4.0,4.0,0.0,0.0,3.0,3.0,3.0,0.0,1.0,4.0,3.0,3.0,4.0,0.0,0.0
PaPo_46,3.0,3.0,0.0,0.0,0.0,4.0,3.0,3.0,0.0,3.0,0.0,4.0,0.0,0.0,3.0,0.0,5.0,0.0,0.0,0.0,0.0,0.0,0.0,0.0,3.0,0.0,0.0,0.0,5.0,0.0,0.0,4.0,4.0,3.0,0.0,2.0,5.0,5.0,3.0,4.0,0.0,5.0
HeAr_16,2.0,3.0,0.0,3.0,0.0,3.0,2.0,2.0,0.0,3.0,0.0,3.0,0.0,0.0,3.0,3.0,4.0,0.0,4.0,0.0,3.0,0.0,0.0,4.0,3.0,0.0,0.0,0.0,4.0,0.0,5.0,3.0,3.0,4.0,0.0,2.0,4.0,0.0,3.0,4.0,0.0,4.0
TrNi_56,2.0,4.0,0.0,3.0,0.0,4.0,1.0,2.0,0.0,3.0,0.0,3.0,0.0,0.0,5.0,4.0,3.0,0.0,5.0,0.0,4.0,0.0,0.0,0.0,3.0,0.0,0.0,0.0,4.0,0.0,0.0,4.0,3.0,3.0,0.0,2.0,5.0,0.0,2.0,4.0,0.0,0.0
AmTr_23,1.0,2.0,0.0,1.0,0.0,1.0,4.0,2.0,0.0,3.0,0.0,4.0,5.0,0.0,1.0,3.0,3.0,0.0,4.0,4.0,2.0,0.0,0.0,0.0,3.0,0.0,0.0,0.0,2.0,0.0,0.0,4.0,1.0,3.0,0.0,2.0,5.0,0.0,3.0,3.0,0.0,0.0
AeAe_62,3.0,4.0,0.0,4.0,0.0,3.0,4.0,4.0,0.0,3.0,0.0,5.0,0.0,0.0,3.0,4.0,5.0,0.0,5.0,0.0,4.0,0.0,0.0,0.0,4.0,0.0,0.0,0.0,4.0,0.0,0.0,5.0,3.0,5.0,0.0,3.0,5.0,0.0,4.0,5.0,0.0,0.0
VaTa_36,3.0,3.0,0.0,3.0,0.0,3.0,4.0,4.0,0.0,4.0,0.0,3.0,0.0,0.0,3.0,3.0,3.0,0.0,4.0,0.0,2.0,0.0,0.0,0.0,4.0,0.0,0.0,0.0,5.0,0.0,0.0,4.0,3.0,4.0,0.0,3.0,5.0,0.0,4.0,4.0,0.0,5.0
CeCa_33,4.0,2.0,0.0,3.0,0.0,3.0,4.0,2.0,0.0,4.0,0.0,4.0,0.0,0.0,3.0,5.0,4.0,0.0,3.0,0.0,3.0,0.0,0.0,0.0,4.0,0.0,0.0,0.0,3.0,0.0,0.0,3.0,3.0,4.0,0.0,3.0,5.0,4.0,3.0,3.0,0.0,0.0
ApCe_81,3.0,3.0,0.0,0.0,0.0,2.0,2.0,4.0,0.0,4.0,0.0,4.0,0.0,0.0,3.0,5.0,3.0,0.0,4.0,0.0,4.0,0.0,0.0,0.0,2.0,0.0,0.0,0.0,3.0,0.0,0.0,3.0,2.0,3.0,0.0,1.0,5.0,0.0,4.0,3.0,0.0,0.0
DrMo_47,4.0,3.0,0.0,2.0,0.0,2.0,4.0,4.0,0.0,0.0,0.0,5.0,0.0,0.0,4.0,3.0,3.0,0.0,5.0,0.0,2.0,0.0,0.0,0.0,4.0,0.0,0.0,0.0,3.0,0.0,0.0,3.0,2.0,4.0,0.0,5.0,5.0,0.0,5.0,3.0,0.0,0.0
SiFl_9,3.0,4.0,0.0,3.0,0.0,3.0,2.0,4.0,0.0,4.0,0.0,3.0,0.0,0.0,4.0,3.0,4.0,0.0,5.0,0.0,3.0,0.0,0.0,0.0,2.0,0.0,0.0,0.0,5.0,0.0,0.0,3.0,2.0,4.0,0.0,3.0,5.0,0.0,3.0,3.0,0.0,0.0
AmTr_31,3.0,4.0,0.0,2.0,0.0,2.0,3.0,4.0,0.0,3.0,0.0,5.0,0.0,0.0,3.0,3.0,4.0,0.0,5.0,0.0,3.0,0.0,0.0,0.0,4.0,0.0,0.0,0.0,5.0,0.0,0.0,4.0,2.0,4.0,3.0,3.0,5.0,0.0,4.0,4.0,0.0,0.0
TrCa_138,3.0,3.0,0.0,4.0,0.0,3.0,2.0,4.0,0.0,4.0,0.0,4.0,0.0,0.0,4.0,4.0,5.0,0.0,4.0,0.0,4.0,0.0,0.0,0.0,3.0,0.0,0.0,5.0,4.0,0.0,0.0,4.0,3.0,3.0,5.0,3.0,5.0,0.0,3.0,4.0,0.0,0.0
AeAe_84,4.0,3.0,0.0,2.0,0.0,2.0,3.0,4.0,0.0,4.0,0.0,0.0,0.0,0.0,4.0,3.0,3.0,0.0,5.0,0.0,3.0,0.0,0.0,0.0,4.0,0.0,0.0,5.0,5.0,0.0,0.0,3.0,2.0,4.0,0.0,2.0,0.0,0.0,5.0,4.0,0.0,0.0
ZeCu_46,3.0,3.0,0.0,3.0,0.0,2.0,3.0,4.0,0.0,3.0,0.0,4.0,0.0,0.0,3.0,4.0,4.0,0.0,4.0,0.0,4.0,0.0,0.0,0.0,3.0,0.0,0.0,5.0,5.0,0.0,0.0,3.0,3.0,3.0,0.0,2.0,5.0,0.0,3.0,4.0,0.0,0.0
VaTa_25,2.0,2.0,0.0,3.0,0.0,2.0,3.0,2.0,0.0,4.0,0.0,3.0,0.0,0.0,1.0,3.0,1.0,0.0,2.0,5.0,2.0,0.0,0.0,0.0,3.0,0.0,0.0,4.0,1.0,0.0,0.0,2.0,2.0,3.0,0.0,2.0,5.0,3.0,2.0,3.0,0.0,0.0
DrBi_23,4.0,3.0,0.0,2.0,0.0,2.0,4.0,4.0,0.0,4.0,0.0,0.0,0.0,0.0,2.0,3.0,3.0,0.0,4.0,0.0,3.0,0.0,0.0,0.0,3.0,0.0,0.0,0.0,4.0,0.0,0.0,4.0,2.0,4.0,0.0,4.0,0.0,5.0,4.0,4.0,0.0,0.0
PaXu_28,5.0,3.0,0.0,3.0,0.0,3.0,4.0,5.0,0.0,5.0,0.0,5.0,0.0,0.0,4.0,4.0,4.0,0.0,3.0,0.0,2.0,0.0,0.0,0.0,4.0,0.0,0.0,0.0,4.0,0.0,0.0,2.0,3.0,4.0,2.0,4.0,0.0,4.0,4.0,3.0,0.0,0.0
AcEc_199,3.0,3.0,0.0,3.0,0.0,3.0,3.0,3.0,0.0,3.0,0.0,4.0,0.0,0.0,3.0,5.0,3.0,0.0,3.0,0.0,3.0,0.0,0.0,0.0,4.0,0.0,0.0,0.0,4.0,0.0,0.0,3.0,3.0,3.0,0.0,3.0,5.0,5.0,3.0,4.0,0.0,0.0
ApCe_54,4.0,2.0,0.0,3.0,0.0,2.0,3.0,3.0,0.0,3.0,0.0,5.0,0.0,0.0,3.0,4.0,1.0,0.0,4.0,5.0,3.0,0.0,0.0,0.0,4.0,0.0,0.0,2.0,4.0,0.0,0.0,3.0,2.0,3.0,0.0,3.0,5.0,5.0,3.0,3.0,0.0,0.0
VoEm_252,2.0,4.0,0.0,4.0,0.0,2.0,3.0,3.0,0.0,3.0,0.0,3.0,0.0,0.0,4.0,4.0,5.0,0.0,5.0,0.0,3.0,0.0,0.0,0.0,3.0,0.0,0.0,0.0,5.0,0.0,0.0,3.0,3.0,4.0,0.0,2.0,5.0,5.0,4.0,3.0,0.0,0.0
SiFl_8,0.0,5.0,0.0,4.0,0.0,2.0,5.0,5.0,0.0,0.0,0.0,0.0,0.0,0.0,5.0,3.0,5.0,0.0,0.0,0.0,5.0,0.0,0.0,0.0,4.0,0.0,0.0,0.0,5.0,0.0,0.0,5.0,2.0,0.0,0.0,5.0,0.0,0.0,5.0,0.0,0.0,0.0
DrVi_11,5.0,2.0,0.0,2.0,0.0,2.0,3.0,5.0,0.0,5.0,0.0,4.0,0.0,0.0,3.0,4.0,3.0,0.0,3.0,0.0,3.0,0.0,0.0,0.0,4.0,0.0,0.0,0.0,4.0,0.0,0.0,3.0,3.0,4.0,0.0,3.0,0.0,0.0,4.0,4.0,0.0,0.0
DrAr_43,4.0,3.0,0.0,2.0,0.0,2.0,4.0,5.0,0.0,5.0,0.0,5.0,0.0,0.0,4.0,3.0,4.0,0.0,0.0,0.0,3.0,0.0,0.0,0.0,4.0,0.0,0.0,0.0,5.0,0.0,0.0,4.0,2.0,4.0,0.0,4.0,0.0,0.0,5.0,4.0,0.0,0.0
DrPe_42,5.0,1.0,0.0,3.0,0.0,2.0,4.0,5.0,0.0,4.0,0.0,4.0,0.0,0.0,3.0,5.0,3.0,0.0,4.0,0.0,2.0,0.0,0.0,0.0,5.0,0.0,0.0,0.0,3.0,0.0,0.0,3.0,2.0,4.0,0.0,4.0,0.0,0.0,5.0,3.0,0.0,0.0
RhMa_31,4.0,3.0,0.0,1.0,0.0,2.0,4.0,4.0,0.0,5.0,0.0,0.0,0.0,0.0,3.0,2.0,3.0,0.0,4.0,0.0,3.0,0.0,0.0,0.0,4.0,0.0,0.0,0.0,4.0,0.0,0.0,3.0,1.0,4.0,0.0,3.0,0.0,0.0,4.0,4.0,0.0,0.0
DrBu_21,3.0,3.0,0.0,2.0,0.0,3.0,3.0,3.0,0.0,4.0,0.0,2.0,0.0,5.0,3.0,4.0,4.0,0.0,4.0,0.0,3.0,0.0,0.0,0.0,4.0,0.0,0.0,0.0,4.0,0.0,0.0,4.0,3.0,4.0,0.0,4.0,5.0,0.0,4.0,4.0,0.0,0.0
DrEr_43,4.0,3.0,0.0,2.0,0.0,2.0,3.0,4.0,0.0,5.0,0.0,5.0,0.0,5.0,4.0,4.0,4.0,0.0,3.0,0.0,2.0,0.0,0.0,0.0,4.0,0.0,0.0,0.0,3.0,0.0,0.0,3.0,2.0,5.0,5.0,4.0,0.0,0.0,0.0,3.0,0.0,0.0
PaMa_30,4.0,3.0,0.0,3.0,0.0,3.0,4.0,4.0,0.0,4.0,0.0,4.0,0.0,5.0,3.0,3.0,3.0,0.0,4.0,0.0,2.0,0.0,0.0,0.0,4.0,0.0,0.0,0.0,4.0,0.0,0.0,4.0,3.0,4.0,0.0,4.0,0.0,0.0,4.0,4.0,0.0,0.0
CaFl_89,3.0,3.0,0.0,3.0,0.0,2.0,3.0,4.0,0.0,4.0,0.0,4.0,0.0,5.0,2.0,4.0,3.0,0.0,4.0,0.0,3.0,0.0,0.0,0.0,4.0,0.0,0.0,0.0,4.0,0.0,0.0,4.0,2.0,3.0,0.0,2.0,0.0,0.0,5.0,4.0,0.0,0.0
AeAe_83,4.0,4.0,0.0,3.0,0.0,2.0,4.0,4.0,0.0,4.0,0.0,4.0,0.0,0.0,4.0,4.0,5.0,0.0,0.0,0.0,4.0,0.0,0.0,0.0,4.0,0.0,0.0,0.0,3.0,0.0,0.0,4.0,2.0,5.0,0.0,4.0,0.0,0.0,4.0,4.0,0.0,0.0
CaFl_159,2.0,3.0,0.0,4.0,0.0,3.0,3.0,4.0,0.0,4.0,0.0,2.0,0.0,0.0,3.0,5.0,3.0,0.0,4.0,0.0,3.0,0.0,0.0,0.0,3.0,0.0,0.0,0.0,4.0,0.0,0.0,3.0,3.0,3.0,0.0,2.0,0.0,0.0,3.0,4.0,0.0,4.0
CyCo_180,3.0,3.0,0.0,3.0,0.0,2.0,3.0,3.0,0.0,5.0,0.0,5.0,0.0,0.0,2.0,5.0,4.0,0.0,5.0,0.0,3.0,0.0,0.0,0.0,4.0,0.0,0.0,0.0,4.0,0.0,0.0,4.0,2.0,4.0,0.0,3.0,0.0,0.0,3.0,4.0,0.0,0.0
HaSa_214,3.0,3.0,0.0,0.0,0.0,3.0,2.0,2.0,0.0,4.0,0.0,4.0,0.0,0.0,4.0,0.0,3.0,0.0,4.0,0.0,3.0,0.0,0.0,0.0,3.0,0.0,0.0,0.0,4.0,0.0,0.0,4.0,3.0,3.0,0.0,3.0,0.0,0.0,2.0,4.0,0.0,0.0
ApCe_48,3.0,3.0,0.0,5.0,0.0,3.0,3.0,3.0,0.0,3.0,0.0,5.0,0.0,0.0,4.0,0.0,4.0,0.0,4.0,0.0,5.0,0.0,0.0,0.0,4.0,0.0,0.0,0.0,5.0,0.0,0.0,4.0,3.0,3.0,0.0,3.0,0.0,5.0,3.0,4.0,0.0,0.0
TrNi_59,3.0,3.0,0.0,5.0,0.0,3.0,3.0,3.0,0.0,4.0,0.0,3.0,0.0,0.0,3.0,0.0,4.0,0.0,5.0,0.0,2.0,0.0,0.0,0.0,4.0,0.0,0.0,0.0,3.0,0.0,0.0,2.0,3.0,4.0,0.0,3.0,0.0,0.0,3.0,2.0,0.0,0.0
AmTr_40,2.0,4.0,0.0,5.0,0.0,4.0,3.0,3.0,0.0,4.0,0.0,4.0,0.0,0.0,4.0,0.0,3.0,0.0,5.0,0.0,4.0,0.0,0.0,0.0,3.0,0.0,0.0,0.0,4.0,0.0,0.0,4.0,4.0,4.0,0.0,2.0,0.0,0.0,3.0,3.0,0.0,0.0
DrYa_53,3.0,4.0,0.0,4.0,0.0,3.0,3.0,4.0,0.0,5.0,0.0,5.0,0.0,0.0,4.0,5.0,4.0,0.0,4.0,0.0,4.0,0.0,0.0,0.0,3.0,0.0,0.0,0.0,4.0,0.0,0.0,4.0,3.0,5.0,0.0,4.0,0.0,0.0,4.0,4.0,0.0,0.0
DrFi_54,5.0,2.0,0.0,3.0,0.0,3.0,5.0,5.0,0.0,5.0,0.0,0.0,0.0,0.0,4.0,5.0,3.0,0.0,5.0,0.0,2.0,0.0,0.0,0.0,5.0,0.0,0.0,0.0,4.0,0.0,0.0,3.0,3.0,4.0,0.0,4.0,0.0,0.0,4.0,3.0,0.0,0.0
MoPh_178,3.0,3.0,0.0,5.0,0.0,3.0,3.0,5.0,0.0,3.0,0.0,0.0,0.0,0.0,4.0,4.0,5.0,0.0,2.0,0.0,3.0,0.0,0.0,0.0,3.0,0.0,0.0,0.0,4.0,0.0,0.0,3.0,3.0,3.0,0.0,3.0,0.0,4.0,4.0,3.0,0.0,0.0
AnGa_35,4.0,4.0,0.0,4.0,0.0,3.0,5.0,5.0,0.0,5.0,0.0,5.0,0.0,0.0,3.0,5.0,5.0,0.0,5.0,0.0,3.0,0.0,0.0,0.0,5.0,0.0,0.0,0.0,5.0,0.0,0.0,3.0,2.0,3.0,0.0,3.0,0.0,5.0,5.0,3.0,0.0,0.0
AnGa_13,3.0,3.0,0.0,5.0,0.0,3.0,2.0,3.0,0.0,4.0,0.0,4.0,0.0,0.0,4.0,0.0,2.0,0.0,4.0,0.0,4.0,0.0,0.0,0.0,2.0,0.0,0.0,4.0,4.0,0.0,0.0,4.0,3.0,3.0,0.0,1.0,3.0,0.0,3.0,3.0,0.0,0.0
AcEc_159,3.0,4.0,0.0,3.0,0.0,2.0,4.0,4.0,0.0,5.0,0.0,0.0,0.0,0.0,3.0,0.0,3.0,0.0,4.0,0.0,4.0,0.0,0.0,0.0,4.0,0.0,0.0,4.0,4.0,0.0,0.0,4.0,2.0,3.0,0.0,3.0,0.0,0.0,4.0,5.0,0.0,0.0
VoEm_165,5.0,4.0,0.0,3.0,0.0,2.0,5.0,4.0,0.0,5.0,0.0,0.0,0.0,0.0,5.0,4.0,4.0,0.0,0.0,0.0,4.0,0.0,0.0,0.0,0.0,0.0,0.0,4.0,0.0,0.0,0.0,4.0,2.0,4.0,0.0,5.0,0.0,0.0,5.0,5.0,0.0,0.0
TrSe_114,3.0,2.0,0.0,4.0,0.0,2.0,5.0,4.0,0.0,4.0,0.0,0.0,0.0,0.0,3.0,4.0,2.0,0.0,4.0,0.0,2.0,0.0,0.0,0.0,5.0,0.0,0.0,5.0,2.0,0.0,0.0,3.0,2.0,4.0,0.0,3.0,0.0,0.0,2.0,3.0,0.0,0.0
CyCo_164,4.0,2.0,0.0,3.0,0.0,2.0,4.0,4.0,0.0,4.0,0.0,0.0,0.0,0.0,4.0,4.0,3.0,0.0,4.0,5.0,2.0,5.0,0.0,0.0,4.0,0.0,0.0,5.0,4.0,0.0,0.0,3.0,2.0,4.0,0.0,3.0,0.0,0.0,4.0,3.0,0.0,0.0
PaMa_35,2.0,2.0,0.0,0.0,0.0,4.0,2.0,2.0,0.0,2.0,0.0,2.0,0.0,0.0,3.0,0.0,4.0,0.0,4.0,0.0,5.0,0.0,0.0,0.0,2.0,0.0,0.0,0.0,4.0,0.0,0.0,3.0,3.0,3.0,0.0,2.0,4.0,0.0,2.0,3.0,0.0,3.0
DrFi_41,3.0,2.0,0.0,4.0,0.0,3.0,3.0,3.0,5.0,3.0,0.0,3.0,0.0,0.0,3.0,0.0,3.0,0.0,3.0,0.0,3.0,0.0,0.0,0.0,4.0,0.0,0.0,3.0,3.0,0.0,0.0,2.0,3.0,3.0,0.0,2.0,4.0,0.0,2.0,3.0,0.0,0.0
CoFl_104,2.0,3.0,0.0,5.0,0.0,4.0,2.0,2.0,0.0,3.0,0.0,2.0,0.0,0.0,3.0,0.0,4.0,0.0,4.0,0.0,4.0,0.0,5.0,0.0,2.0,0.0,0.0,0.0,3.0,0.0,0.0,3.0,4.0,3.0,0.0,2.0,4.0,0.0,2.0,3.0,0.0,2.0
DiQu_109,2.0,3.0,0.0,4.0,0.0,3.0,2.0,2.0,0.0,3.0,0.0,3.0,0.0,0.0,2.0,5.0,5.0,0.0,3.0,0.0,4.0,0.0,0.0,0.0,2.0,0.0,0.0,5.0,3.0,0.0,0.0,3.0,3.0,3.0,0.0,2.0,4.0,0.0,2.0,2.0,0.0,0.0
HyKa_25,3.0,3.0,0.0,0.0,0.0,4.0,3.0,3.0,0.0,3.0,0.0,3.0,0.0,0.0,3.0,0.0,4.0,0.0,3.0,0.0,4.0,0.0,0.0,0.0,3.0,0.0,0.0,4.0,3.0,0.0,0.0,3.0,4.0,3.0,0.0,2.0,3.0,0.0,3.0,3.0,0.0,3.0
DrBu_15,3.0,3.0,0.0,4.0,0.0,3.0,2.0,2.0,0.0,3.0,0.0,3.0,0.0,0.0,3.0,5.0,3.0,0.0,3.0,0.0,4.0,0.0,0.0,0.0,2.0,0.0,0.0,4.0,3.0,0.0,0.0,3.0,4.0,4.0,0.0,2.0,3.0,0.0,2.0,3.0,0.0,3.0
AmTr_54,2.0,3.0,0.0,3.0,0.0,3.0,2.0,3.0,0.0,2.0,0.0,3.0,0.0,0.0,3.0,0.0,3.0,0.0,3.0,0.0,4.0,5.0,0.0,0.0,3.0,0.0,5.0,3.0,3.0,0.0,0.0,3.0,3.0,3.0,0.0,2.0,2.0,4.0,2.0,3.0,0.0,2.0
VoEm_134,2.0,2.0,0.0,4.0,0.0,2.0,2.0,2.0,0.0,2.0,0.0,3.0,0.0,0.0,3.0,5.0,2.0,0.0,2.0,5.0,3.0,0.0,0.0,5.0,2.0,0.0,0.0,3.0,3.0,0.0,0.0,2.0,2.0,3.0,0.0,2.0,4.0,5.0,2.0,3.0,0.0,2.0
ApFl_74,1.0,2.0,0.0,3.0,0.0,2.0,2.0,2.0,0.0,2.0,0.0,3.0,0.0,0.0,3.0,4.0,2.0,0.0,3.0,0.0,3.0,0.0,0.0,0.0,2.0,0.0,0.0,4.0,3.0,0.0,0.0,2.0,2.0,2.0,0.0,1.0,2.0,4.0,2.0,2.0,0.0,4.0
HaLa_59,2.0,2.0,0.0,3.0,0.0,2.0,1.0,2.0,0.0,2.0,0.0,3.0,0.0,0.0,2.0,5.0,1.0,0.0,2.0,0.0,4.0,0.0,0.0,0.0,1.0,0.0,0.0,3.0,3.0,0.0,0.0,3.0,2.0,2.0,0.0,2.0,2.0,0.0,3.0,3.0,0.0,4.0
AeAe_58,2.0,3.0,0.0,4.0,0.0,3.0,2.0,3.0,0.0,4.0,0.0,4.0,0.0,0.0,3.0,0.0,3.0,0.0,4.0,0.0,3.0,0.0,0.0,4.0,2.0,0.0,4.0,4.0,4.0,0.0,0.0,3.0,3.0,4.0,0.0,2.0,4.0,0.0,3.0,4.0,5.0,4.0
ApCe_64,1.0,2.0,0.0,3.0,0.0,2.0,1.0,2.0,5.0,2.0,0.0,3.0,0.0,0.0,3.0,4.0,2.0,0.0,3.0,5.0,3.0,0.0,0.0,0.0,2.0,0.0,0.0,4.0,3.0,0.0,0.0,3.0,2.0,2.0,0.0,1.0,3.0,4.0,2.0,3.0,0.0,2.0
AmTr_14,3.0,2.0,0.0,4.0,0.0,2.0,3.0,3.0,0.0,4.0,0.0,4.0,0.0,0.0,4.0,4.0,3.0,0.0,3.0,0.0,2.0,0.0,0.0,0.0,3.0,0.0,0.0,5.0,3.0,0.0,0.0,2.0,2.0,3.0,0.0,2.0,4.0,0.0,3.0,3.0,0.0,5.0
CaFl_392,3.0,4.0,0.0,4.0,0.0,3.0,3.0,4.0,0.0,3.0,0.0,2.0,0.0,0.0,3.0,4.0,4.0,0.0,4.0,0.0,4.0,0.0,0.0,0.0,3.0,0.0,0.0,4.0,3.0,0.0,0.0,4.0,3.0,3.0,0.0,3.0,4.0,5.0,4.0,4.0,0.0,5.0
DrBu_45,3.0,3.0,0.0,5.0,0.0,4.0,2.0,3.0,0.0,3.0,0.0,2.0,0.0,0.0,3.0,5.0,4.0,0.0,4.0,0.0,3.0,0.0,0.0,0.0,3.0,0.0,0.0,5.0,3.0,0.0,0.0,3.0,4.0,4.0,0.0,2.0,4.0,4.0,3.0,3.0,0.0,5.0
HeAr_23,2.0,4.0,0.0,5.0,0.0,3.0,3.0,4.0,0.0,3.0,0.0,3.0,0.0,0.0,4.0,5.0,3.0,0.0,2.0,0.0,3.0,0.0,0.0,0.0,3.0,0.0,0.0,5.0,2.0,0.0,0.0,3.0,3.0,4.0,0.0,3.0,5.0,5.0,4.0,3.0,0.0,4.0
ApMe_51,3.0,2.0,0.0,3.0,0.0,3.0,3.0,2.0,0.0,3.0,0.0,2.0,0.0,0.0,3.0,5.0,3.0,0.0,3.0,0.0,3.0,0.0,0.0,0.0,3.0,0.0,0.0,2.0,3.0,0.0,0.0,3.0,3.0,3.0,0.0,2.0,4.0,5.0,2.0,3.0,0.0,4.0
RhMa_34,2.0,3.0,0.0,4.0,0.0,3.0,2.0,2.0,0.0,2.0,0.0,2.0,0.0,0.0,3.0,5.0,4.0,0.0,4.0,0.0,3.0,0.0,0.0,0.0,2.0,0.0,0.0,4.0,4.0,0.0,0.0,3.0,3.0,3.0,0.0,2.0,4.0,4.0,2.0,3.0,0.0,4.0
OoBi_95,2.0,2.0,0.0,5.0,0.0,2.0,2.0,2.0,0.0,3.0,5.0,2.0,0.0,0.0,3.0,0.0,2.0,0.0,2.0,0.0,2.0,0.0,0.0,0.0,3.0,0.0,0.0,2.0,2.0,0.0,0.0,2.0,3.0,3.0,0.0,2.0,5.0,4.0,1.0,3.0,0.0,5.0
DrBu_40,3.0,4.0,0.0,3.0,0.0,3.0,2.0,3.0,0.0,3.0,0.0,2.0,0.0,5.0,3.0,3.0,4.0,0.0,4.0,0.0,4.0,0.0,0.0,0.0,3.0,0.0,0.0,4.0,4.0,0.0,0.0,4.0,3.0,3.0,0.0,2.0,4.0,4.0,3.0,4.0,0.0,4.0
DrAr_56,2.0,2.0,0.0,4.0,0.0,3.0,2.0,3.0,0.0,3.0,0.0,2.0,0.0,0.0,4.0,5.0,4.0,0.0,3.0,0.0,3.0,0.0,0.0,0.0,3.0,0.0,0.0,2.0,2.0,0.0,0.0,3.0,3.0,3.0,0.0,2.0,4.0,4.0,3.0,3.0,0.0,5.0
DrBu_17,1.0,2.0,0.0,4.0,0.0,3.0,2.0,1.0,0.0,2.0,0.0,2.0,0.0,0.0,3.0,5.0,2.0,0.0,2.0,0.0,2.0,0.0,0.0,0.0,2.0,0.0,0.0,4.0,2.0,0.0,0.0,2.0,3.0,2.0,0.0,1.0,4.0,5.0,1.0,2.0,0.0,4.0
LiHu_153,2.0,2.0,0.0,2.0,0.0,2.0,1.0,2.0,0.0,3.0,0.0,2.0,0.0,0.0,2.0,5.0,2.0,0.0,2.0,0.0,3.0,0.0,0.0,3.0,1.0,0.0,0.0,4.0,1.0,0.0,0.0,3.0,1.0,1.0,0.0,1.0,3.0,5.0,2.0,3.0,0.0,5.0
CeSo_24,2.0,2.0,0.0,4.0,0.0,3.0,2.0,2.0,4.0,2.0,0.0,2.0,0.0,0.0,3.0,5.0,2.0,0.0,3.0,3.0,3.0,0.0,0.0,0.0,2.0,0.0,0.0,2.0,2.0,0.0,0.0,2.0,2.0,2.0,0.0,1.0,3.0,4.0,3.0,2.0,0.0,5.0
VoEm_259,3.0,3.0,0.0,3.0,0.0,3.0,3.0,3.0,0.0,3.0,0.0,3.0,0.0,0.0,3.0,5.0,4.0,0.0,4.0,0.0,4.0,0.0,0.0,0.0,3.0,0.0,5.0,4.0,3.0,0.0,0.0,3.0,3.0,3.0,0.0,2.0,3.0,0.0,2.0,3.0,0.0,3.0
DrBu_10,2.0,2.0,0.0,4.0,0.0,3.0,2.0,3.0,0.0,3.0,0.0,2.0,0.0,0.0,3.0,5.0,4.0,0.0,4.0,0.0,3.0,0.0,0.0,0.0,2.0,0.0,4.0,5.0,4.0,0.0,0.0,3.0,3.0,3.0,0.0,2.0,4.0,4.0,2.0,4.0,0.0,4.0
TrCa_142,3.0,3.0,0.0,4.0,0.0,2.0,3.0,4.0,0.0,3.0,0.0,4.0,0.0,0.0,2.0,4.0,3.0,0.0,3.0,0.0,3.0,0.0,0.0,0.0,3.0,0.0,3.0,0.0,3.0,0.0,0.0,3.0,1.0,4.0,0.0,2.0,5.0,5.0,3.0,3.0,0.0,4.0
WaAu_163,2.0,2.0,0.0,3.0,0.0,3.0,2.0,3.0,0.0,2.0,0.0,2.0,0.0,0.0,2.0,4.0,2.0,0.0,3.0,0.0,3.0,0.0,0.0,0.0,2.0,0.0,0.0,4.0,2.0,0.0,0.0,3.0,2.0,3.0,0.0,2.0,3.0,5.0,2.0,2.0,0.0,0.0
TrSe_154,2.0,3.0,0.0,4.0,0.0,4.0,2.0,3.0,0.0,3.0,0.0,3.0,0.0,0.0,3.0,5.0,2.0,0.0,3.0,0.0,4.0,0.0,4.0,0.0,3.0,0.0,0.0,4.0,3.0,0.0,0.0,4.0,4.0,3.0,0.0,2.0,3.0,5.0,3.0,3.0,0.0,4.0
RhMa_26,2.0,3.0,0.0,4.0,0.0,3.0,3.0,3.0,0.0,3.0,0.0,2.0,0.0,3.0,4.0,4.0,3.0,0.0,3.0,5.0,2.0,0.0,5.0,0.0,3.0,0.0,0.0,3.0,2.0,0.0,0.0,2.0,3.0,3.0,0.0,2.0,4.0,3.0,2.0,2.0,0.0,4.0
VoEm_77,2.0,2.0,0.0,5.0,0.0,3.0,2.0,2.0,0.0,3.0,0.0,2.0,0.0,0.0,2.0,0.0,3.0,0.0,2.0,5.0,4.0,0.0,5.0,0.0,2.0,0.0,0.0,3.0,3.0,0.0,0.0,2.0,4.0,3.0,0.0,1.0,3.0,4.0,1.0,3.0,0.0,3.0
HaSa_216,2.0,1.0,0.0,3.0,0.0,2.0,2.0,1.0,0.0,2.0,0.0,2.0,0.0,0.0,3.0,4.0,2.0,0.0,2.0,0.0,3.0,0.0,5.0,0.0,2.0,0.0,0.0,4.0,3.0,0.0,0.0,3.0,2.0,2.0,0.0,1.0,3.0,4.0,1.0,3.0,0.0,3.0
DrBi_9,2.0,3.0,0.0,2.0,0.0,3.0,2.0,3.0,0.0,3.0,0.0,2.0,0.0,4.0,3.0,3.0,3.0,0.0,2.0,0.0,3.0,0.0,5.0,0.0,2.0,0.0,0.0,4.0,3.0,0.0,0.0,3.0,3.0,3.0,0.0,2.0,3.0,5.0,2.0,3.0,0.0,3.0
VoEm_242,2.0,2.0,0.0,4.0,0.0,3.0,2.0,3.0,0.0,3.0,0.0,2.0,0.0,0.0,3.0,5.0,3.0,0.0,2.0,0.0,3.0,0.0,5.0,0.0,3.0,0.0,0.0,4.0,3.0,0.0,0.0,3.0,3.0,3.0,0.0,2.0,4.0,4.0,2.0,3.0,0.0,4.0
AeAe_93,3.0,3.0,0.0,4.0,0.0,3.0,2.0,1.0,0.0,3.0,0.0,2.0,0.0,0.0,3.0,0.0,3.0,0.0,3.0,5.0,2.0,0.0,0.0,0.0,3.0,0.0,0.0,4.0,3.0,0.0,0.0,3.0,2.0,3.0,0.0,1.0,4.0,5.0,3.0,3.0,0.0,3.0
DrGr_27,3.0,2.0,0.0,5.0,0.0,3.0,3.0,2.0,0.0,3.0,0.0,2.0,0.0,0.0,3.0,0.0,3.0,0.0,2.0,0.0,4.0,0.0,3.0,0.0,3.0,0.0,0.0,4.0,3.0,0.0,0.0,2.0,3.0,3.0,0.0,2.0,4.0,3.0,2.0,2.0,0.0,3.0
DrGr_26,3.0,2.0,0.0,5.0,0.0,4.0,3.0,2.0,0.0,3.0,0.0,3.0,0.0,4.0,3.0,0.0,4.0,0.0,3.0,0.0,2.0,0.0,4.0,0.0,3.0,0.0,0.0,4.0,2.0,0.0,0.0,2.0,3.0,3.0,0.0,3.0,4.0,4.0,3.0,3.0,0.0,3.0
DrVi_49,4.0,3.0,0.0,3.0,0.0,3.0,3.0,3.0,0.0,3.0,0.0,3.0,0.0,0.0,3.0,4.0,3.0,0.0,3.0,0.0,3.0,0.0,0.0,0.0,4.0,0.0,0.0,5.0,3.0,0.0,0.0,3.0,3.0,3.0,0.0,3.0,5.0,4.0,4.0,3.0,0.0,0.0
DrVi_18,3.0,3.0,0.0,4.0,0.0,3.0,3.0,3.0,0.0,3.0,0.0,2.0,0.0,0.0,3.0,4.0,3.0,0.0,4.0,0.0,3.0,0.0,4.0,0.0,3.0,0.0,0.0,4.0,3.0,0.0,0.0,3.0,2.0,3.0,0.0,2.0,3.0,5.0,2.0,3.0,0.0,3.0
CoFl_65,1.0,2.0,0.0,3.0,0.0,2.0,1.0,1.0,0.0,2.0,0.0,1.0,0.0,0.0,3.0,5.0,2.0,0.0,3.0,0.0,3.0,0.0,4.0,0.0,2.0,0.0,0.0,3.0,2.0,0.0,0.0,2.0,2.0,3.0,0.0,1.0,3.0,4.0,2.0,2.0,0.0,1.0
AeAe_65,3.0,3.0,0.0,2.0,0.0,2.0,3.0,3.0,0.0,4.0,0.0,4.0,0.0,0.0,3.0,4.0,3.0,0.0,4.0,5.0,2.0,0.0,0.0,0.0,3.0,0.0,0.0,3.0,4.0,0.0,0.0,3.0,2.0,2.0,0.0,3.0,0.0,5.0,3.0,3.0,0.0,0.0
SiFl_7,4.0,2.0,0.0,3.0,0.0,2.0,3.0,3.0,0.0,4.0,0.0,0.0,0.0,5.0,3.0,5.0,2.0,0.0,2.0,0.0,2.0,0.0,0.0,0.0,2.0,0.0,0.0,5.0,2.0,0.0,0.0,2.0,2.0,3.0,0.0,4.0,0.0,5.0,4.0,2.0,0.0,0.0
ApCe_83,4.0,3.0,0.0,3.0,0.0,3.0,4.0,4.0,0.0,3.0,0.0,5.0,0.0,5.0,4.0,5.0,4.0,0.0,5.0,0.0,3.0,0.0,0.0,0.0,3.0,0.0,0.0,0.0,3.0,0.0,0.0,3.0,3.0,4.0,0.0,4.0,0.0,5.0,4.0,4.0,0.0,0.0
RhMa_32,5.0,3.0,0.0,4.0,0.0,3.0,4.0,4.0,0.0,5.0,0.0,0.0,0.0,0.0,3.0,4.0,3.0,0.0,3.0,0.0,3.0,0.0,0.0,0.0,4.0,0.0,0.0,5.0,3.0,0.0,0.0,3.0,3.0,4.0,0.0,3.0,0.0,5.0,5.0,3.0,0.0,0.0
DrAr_48,4.0,3.0,0.0,5.0,0.0,3.0,4.0,4.0,0.0,4.0,0.0,4.0,0.0,5.0,3.0,4.0,5.0,0.0,3.0,0.0,3.0,0.0,0.0,0.0,4.0,0.0,0.0,5.0,4.0,0.0,0.0,3.0,4.0,3.0,0.0,3.0,0.0,4.0,3.0,4.0,0.0,0.0
DrBu_31,2.0,3.0,0.0,5.0,0.0,3.0,2.0,3.0,0.0,3.0,0.0,2.0,0.0,0.0,3.0,5.0,4.0,0.0,5.0,0.0,4.0,0.0,0.0,5.0,2.0,0.0,0.0,5.0,3.0,0.0,0.0,3.0,3.0,3.0,0.0,2.0,3.0,5.0,2.0,3.0,0.0,3.0
HaSa_115,2.0,3.0,0.0,4.0,0.0,3.0,1.0,2.0,0.0,3.0,0.0,2.0,0.0,0.0,3.0,5.0,3.0,0.0,3.0,0.0,3.0,0.0,0.0,0.0,2.0,0.0,0.0,4.0,4.0,0.0,0.0,3.0,3.0,3.0,0.0,1.0,5.0,5.0,2.0,3.0,0.0,0.0
ApFl_83,3.0,2.0,0.0,4.0,0.0,3.0,2.0,3.0,0.0,2.0,0.0,2.0,0.0,0.0,2.0,5.0,2.0,0.0,3.0,0.0,4.0,0.0,0.0,0.0,2.0,0.0,0.0,3.0,2.0,0.0,0.0,3.0,2.0,3.0,0.0,2.0,4.0,5.0,2.0,3.0,0.0,0.0
ApMe_124,3.0,4.0,0.0,4.0,0.0,3.0,3.0,4.0,0.0,4.0,0.0,3.0,0.0,5.0,3.0,3.0,4.0,0.0,3.0,0.0,3.0,0.0,0.0,0.0,3.0,0.0,5.0,5.0,4.0,0.0,0.0,4.0,3.0,3.0,0.0,3.0,5.0,5.0,4.0,5.0,0.0,0.0
AmTr_37,2.0,2.0,0.0,1.0,0.0,2.0,2.0,3.0,0.0,3.0,0.0,3.0,0.0,4.0,3.0,2.0,3.0,0.0,3.0,0.0,2.0,0.0,0.0,0.0,3.0,0.0,0.0,5.0,2.0,0.0,0.0,2.0,2.0,3.0,5.0,3.0,5.0,3.0,2.0,3.0,0.0,0.0
DiQu_206,2.0,2.0,0.0,5.0,0.0,3.0,2.0,2.0,0.0,3.0,0.0,3.0,0.0,5.0,3.0,5.0,3.0,0.0,3.0,0.0,4.0,0.0,0.0,0.0,2.0,0.0,0.0,4.0,4.0,0.0,0.0,3.0,3.0,3.0,0.0,2.0,3.0,3.0,2.0,3.0,0.0,3.0
DiQu_108,2.0,2.0,0.0,3.0,0.0,2.0,2.0,2.0,0.0,2.0,0.0,3.0,0.0,0.0,2.0,4.0,2.0,0.0,2.0,0.0,3.0,0.0,0.0,0.0,2.0,0.0,0.0,5.0,2.0,0.0,0.0,2.0,2.0,2.0,0.0,2.0,3.0,4.0,2.0,3.0,0.0,0.0
CyCo_148,1.0,1.0,0.0,3.0,0.0,2.0,2.0,2.0,5.0,1.0,0.0,2.0,0.0,0.0,3.0,4.0,1.0,0.0,2.0,0.0,2.0,0.0,0.0,0.0,2.0,0.0,0.0,4.0,2.0,0.0,0.0,2.0,2.0,2.0,0.0,2.0,3.0,4.0,1.0,2.0,0.0,0.0
MoPh_143,2.0,1.0,0.0,4.0,0.0,2.0,2.0,2.0,5.0,2.0,0.0,3.0,0.0,0.0,1.0,4.0,2.0,0.0,2.0,0.0,3.0,0.0,0.0,5.0,2.0,0.0,0.0,3.0,2.0,0.0,0.0,2.0,2.0,3.0,0.0,1.0,4.0,4.0,1.0,2.0,0.0,0.0
AeAe_105,2.0,3.0,0.0,5.0,0.0,3.0,2.0,2.0,5.0,3.0,0.0,4.0,0.0,0.0,3.0,5.0,2.0,0.0,4.0,0.0,3.0,0.0,0.0,0.0,2.0,0.0,0.0,3.0,2.0,0.0,0.0,3.0,3.0,3.0,0.0,1.0,4.0,5.0,1.0,3.0,0.0,0.0
CaFl_172,3.0,1.0,0.0,4.0,0.0,2.0,2.0,3.0,0.0,3.0,0.0,3.0,0.0,0.0,3.0,5.0,1.0,0.0,3.0,4.0,3.0,0.0,0.0,0.0,2.0,0.0,0.0,4.0,2.0,0.0,0.0,2.0,2.0,3.0,0.0,2.0,4.0,4.0,2.0,3.0,0.0,0.0
WaAu_166,2.0,2.0,0.0,4.0,0.0,2.0,3.0,3.0,0.0,3.0,0.0,5.0,0.0,0.0,3.0,5.0,2.0,0.0,3.0,4.0,3.0,0.0,0.0,0.0,3.0,0.0,4.0,5.0,3.0,0.0,0.0,2.0,2.0,3.0,0.0,2.0,5.0,0.0,1.0,3.0,0.0,0.0
AmTr_18,2.0,4.0,0.0,3.0,0.0,3.0,3.0,2.0,0.0,2.0,0.0,4.0,0.0,0.0,3.0,4.0,4.0,0.0,3.0,0.0,3.0,0.0,0.0,0.0,3.0,0.0,4.0,5.0,3.0,0.0,0.0,3.0,4.0,4.0,0.0,2.0,5.0,5.0,2.0,4.0,0.0,0.0
AmTr_55,3.0,5.0,0.0,3.0,0.0,3.0,3.0,3.0,0.0,5.0,0.0,4.0,0.0,0.0,4.0,4.0,4.0,0.0,0.0,0.0,4.0,0.0,0.0,0.0,3.0,0.0,0.0,3.0,0.0,0.0,0.0,5.0,3.0,5.0,5.0,3.0,5.0,0.0,3.0,5.0,0.0,0.0
LiHu_110,3.0,3.0,0.0,5.0,0.0,4.0,3.0,3.0,0.0,4.0,0.0,3.0,0.0,0.0,4.0,5.0,3.0,0.0,3.0,0.0,4.0,0.0,0.0,0.0,3.0,0.0,0.0,5.0,4.0,0.0,0.0,3.0,3.0,3.0,0.0,3.0,5.0,5.0,2.0,4.0,0.0,0.0
CyCo_181,3.0,1.0,0.0,3.0,0.0,2.0,2.0,3.0,0.0,3.0,0.0,5.0,0.0,0.0,3.0,5.0,2.0,0.0,1.0,0.0,3.0,0.0,0.0,0.0,3.0,0.0,0.0,3.0,3.0,0.0,0.0,2.0,2.0,3.0,0.0,2.0,4.0,3.0,2.0,2.0,0.0,0.0
MoPh_105,2.0,4.0,0.0,3.0,0.0,3.0,2.0,2.0,0.0,3.0,0.0,3.0,0.0,0.0,4.0,4.0,3.0,0.0,2.0,0.0,4.0,0.0,0.0,0.0,2.0,0.0,0.0,3.0,3.0,0.0,0.0,2.0,3.0,4.0,0.0,1.0,4.0,0.0,2.0,3.0,0.0,0.0
HeAr_67,3.0,2.0,0.0,4.0,0.0,3.0,2.0,3.0,4.0,3.0,0.0,3.0,5.0,5.0,3.0,5.0,3.0,0.0,3.0,4.0,3.0,5.0,0.0,0.0,3.0,0.0,0.0,4.0,3.0,5.0,0.0,3.0,3.0,3.0,0.0,3.0,5.0,4.0,3.0,4.0,0.0,0.0
ApFl_128,3.0,3.0,0.0,4.0,0.0,3.0,3.0,2.0,0.0,3.0,0.0,5.0,0.0,0.0,3.0,5.0,3.0,0.0,4.0,5.0,2.0,0.0,0.0,0.0,2.0,0.0,0.0,2.0,3.0,5.0,0.0,2.0,2.0,3.0,0.0,2.0,4.0,0.0,3.0,2.0,0.0,0.0
DrEr_24,3.0,2.0,0.0,1.0,5.0,2.0,3.0,3.0,0.0,4.0,0.0,2.0,0.0,0.0,3.0,4.0,2.0,0.0,3.0,0.0,2.0,0.0,0.0,0.0,3.0,0.0,0.0,5.0,2.0,5.0,0.0,2.0,3.0,3.0,0.0,3.0,5.0,4.0,2.0,3.0,0.0,0.0
AmTr_51,3.0,2.0,0.0,4.0,0.0,3.0,2.0,3.0,5.0,3.0,0.0,4.0,0.0,0.0,3.0,5.0,3.0,0.0,3.0,0.0,2.0,0.0,0.0,0.0,3.0,0.0,0.0,4.0,3.0,0.0,0.0,3.0,3.0,3.0,0.0,2.0,4.0,4.0,3.0,3.0,0.0,0.0
CoFl_66,3.0,3.0,0.0,3.0,0.0,3.0,3.0,3.0,5.0,2.0,0.0,4.0,0.0,0.0,3.0,5.0,3.0,0.0,3.0,5.0,3.0,0.0,0.0,0.0,3.0,0.0,0.0,0.0,3.0,5.0,0.0,3.0,3.0,3.0,0.0,3.0,5.0,5.0,3.0,3.0,0.0,0.0
AnGa_64,3.0,3.0,0.0,5.0,0.0,3.0,3.0,3.0,5.0,2.0,0.0,5.0,0.0,0.0,3.0,5.0,2.0,0.0,4.0,4.0,3.0,5.0,0.0,0.0,3.0,0.0,0.0,5.0,2.0,0.0,0.0,3.0,3.0,2.0,0.0,1.0,5.0,5.0,3.0,3.0,0.0,0.0
HaSa_161,2.0,3.0,0.0,0.0,0.0,4.0,2.0,1.0,0.0,3.0,0.0,3.0,0.0,0.0,2.0,0.0,2.0,0.0,4.0,0.0,5.0,0.0,0.0,5.0,2.0,0.0,4.0,3.0,2.0,0.0,0.0,3.0,3.0,3.0,0.0,1.0,3.0,0.0,2.0,3.0,0.0,0.0
AnGa_53,3.0,2.0,0.0,0.0,0.0,2.0,3.0,3.0,0.0,3.0,0.0,4.0,0.0,0.0,3.0,0.0,3.0,0.0,4.0,0.0,3.0,0.0,0.0,0.0,3.0,0.0,5.0,5.0,3.0,0.0,0.0,3.0,3.0,3.0,0.0,2.0,0.0,0.0,3.0,3.0,0.0,0.0
AmTr_52,2.0,3.0,0.0,5.0,0.0,3.0,3.0,3.0,0.0,3.0,5.0,4.0,0.0,0.0,3.0,0.0,3.0,0.0,5.0,0.0,3.0,0.0,0.0,0.0,2.0,0.0,5.0,5.0,3.0,0.0,0.0,3.0,3.0,4.0,0.0,2.0,5.0,0.0,3.0,3.0,0.0,0.0
DrEr_51,3.0,4.0,0.0,5.0,0.0,4.0,3.0,4.0,0.0,3.0,0.0,3.0,0.0,0.0,4.0,0.0,3.0,0.0,4.0,0.0,3.0,0.0,0.0,0.0,4.0,0.0,5.0,5.0,4.0,0.0,0.0,3.0,3.0,4.0,0.0,3.0,4.0,0.0,3.0,3.0,0.0,0.0
CeCa_58,3.0,4.0,0.0,5.0,0.0,4.0,3.0,3.0,0.0,3.0,0.0,3.0,0.0,0.0,4.0,0.0,4.0,0.0,4.0,0.0,3.0,0.0,0.0,0.0,4.0,0.0,5.0,4.0,3.0,0.0,0.0,3.0,3.0,4.0,0.0,3.0,4.0,0.0,3.0,4.0,0.0,3.0
AmTr_16,3.0,2.0,0.0,2.0,0.0,2.0,3.0,2.0,0.0,3.0,0.0,2.0,0.0,5.0,3.0,4.0,2.0,0.0,3.0,5.0,2.0,0.0,0.0,0.0,3.0,0.0,5.0,0.0,3.0,5.0,0.0,3.0,3.0,2.0,0.0,3.0,5.0,4.0,3.0,3.0,0.0,0.0
AeAe_33,4.0,2.0,0.0,4.0,0.0,2.0,4.0,4.0,0.0,4.0,0.0,4.0,0.0,0.0,4.0,4.0,5.0,0.0,4.0,0.0,3.0,0.0,0.0,0.0,4.0,0.0,4.0,0.0,5.0,0.0,0.0,4.0,2.0,3.0,0.0,4.0,5.0,5.0,3.0,4.0,0.0,5.0
DrBu_13,3.0,3.0,0.0,3.0,0.0,3.0,2.0,3.0,0.0,5.0,0.0,4.0,0.0,4.0,3.0,4.0,3.0,0.0,3.0,0.0,3.0,0.0,0.0,0.0,3.0,0.0,0.0,0.0,3.0,0.0,0.0,3.0,3.0,4.0,0.0,2.0,5.0,5.0,3.0,3.0,0.0,0.0
DiQu_107,3.0,3.0,0.0,4.0,0.0,2.0,3.0,4.0,0.0,3.0,0.0,3.0,0.0,0.0,3.0,4.0,4.0,0.0,4.0,0.0,3.0,0.0,0.0,0.0,4.0,0.0,0.0,0.0,4.0,0.0,0.0,3.0,2.0,4.0,0.0,3.0,5.0,4.0,3.0,4.0,0.0,3.0
LiHu_195,3.0,3.0,0.0,3.0,0.0,3.0,2.0,2.0,0.0,3.0,0.0,3.0,0.0,0.0,4.0,4.0,3.0,0.0,4.0,0.0,3.0,0.0,0.0,0.0,2.0,0.0,5.0,4.0,3.0,0.0,5.0,3.0,4.0,3.0,0.0,2.0,4.0,0.0,2.0,3.0,0.0,4.0
ApFl_107,2.0,3.0,0.0,0.0,0.0,3.0,2.0,2.0,0.0,3.0,0.0,3.0,0.0,0.0,4.0,0.0,4.0,0.0,4.0,0.0,4.0,5.0,0.0,0.0,2.0,0.0,5.0,5.0,3.0,0.0,0.0,3.0,3.0,3.0,0.0,2.0,4.0,0.0,3.0,3.0,0.0,4.0
DrEl_49,4.0,2.0,0.0,4.0,0.0,3.0,4.0,3.0,0.0,4.0,0.0,5.0,0.0,0.0,4.0,5.0,3.0,0.0,4.0,0.0,3.0,0.0,0.0,4.0,4.0,0.0,5.0,0.0,3.0,0.0,0.0,3.0,3.0,4.0,0.0,3.0,0.0,0.0,3.0,4.0,0.0,0.0
LiHu_219,3.0,3.0,0.0,2.0,0.0,3.0,3.0,2.0,0.0,3.0,0.0,4.0,0.0,4.0,4.0,3.0,4.0,0.0,3.0,0.0,4.0,0.0,0.0,0.0,3.0,0.0,5.0,5.0,3.0,0.0,0.0,3.0,3.0,3.0,0.0,2.0,4.0,5.0,2.0,3.0,0.0,0.0
AcEc_119,3.0,3.0,0.0,3.0,0.0,3.0,3.0,2.0,0.0,3.0,0.0,3.0,0.0,4.0,3.0,4.0,2.0,0.0,4.0,0.0,3.0,0.0,0.0,0.0,3.0,0.0,4.0,4.0,3.0,0.0,0.0,3.0,3.0,3.0,0.0,3.0,4.0,4.0,2.0,3.0,0.0,3.0
CeCa_19,3.0,2.0,0.0,4.0,0.0,3.0,2.0,2.0,0.0,3.0,0.0,3.0,0.0,0.0,3.0,0.0,2.0,0.0,3.0,0.0,4.0,0.0,0.0,0.0,3.0,0.0,0.0,4.0,3.0,0.0,0.0,2.0,3.0,4.0,0.0,2.0,4.0,5.0,2.0,3.0,0.0,5.0
VaTa_40,3.0,2.0,0.0,5.0,0.0,3.0,2.0,2.0,0.0,3.0,0.0,4.0,0.0,0.0,3.0,0.0,3.0,0.0,4.0,0.0,3.0,0.0,0.0,0.0,2.0,0.0,0.0,0.0,3.0,0.0,0.0,3.0,3.0,3.0,0.0,2.0,4.0,5.0,2.0,3.0,0.0,5.0
DrMo_52,2.0,3.0,0.0,5.0,0.0,4.0,2.0,2.0,0.0,3.0,0.0,3.0,0.0,0.0,4.0,0.0,4.0,0.0,3.0,0.0,3.0,0.0,0.0,0.0,3.0,0.0,0.0,4.0,3.0,0.0,0.0,3.0,4.0,3.0,0.0,2.0,3.0,4.0,3.0,3.0,0.0,5.0
BoTe_120,2.0,3.0,0.0,4.0,0.0,3.0,2.0,3.0,0.0,3.0,0.0,2.0,0.0,0.0,3.0,0.0,2.0,0.0,4.0,0.0,4.0,0.0,0.0,0.0,2.0,0.0,0.0,3.0,3.0,0.0,0.0,3.0,3.0,3.0,0.0,2.0,4.0,4.0,3.0,2.0,0.0,3.0
VaTa_29,1.0,3.0,0.0,3.0,0.0,3.0,2.0,2.0,0.0,3.0,0.0,3.0,0.0,0.0,4.0,3.0,2.0,0.0,4.0,5.0,3.0,0.0,0.0,0.0,2.0,0.0,0.0,5.0,2.0,0.0,0.0,3.0,3.0,3.0,0.0,1.0,3.0,5.0,2.0,3.0,0.0,5.0
LiHu_98,1.0,2.0,0.0,3.0,0.0,3.0,2.0,2.0,0.0,2.0,0.0,2.0,0.0,0.0,3.0,0.0,3.0,0.0,3.0,0.0,3.0,0.0,0.0,4.0,2.0,0.0,0.0,4.0,2.0,0.0,0.0,3.0,2.0,2.0,0.0,1.0,4.0,5.0,1.0,3.0,0.0,5.0
OoBi_159,2.0,3.0,0.0,5.0,0.0,3.0,2.0,2.0,0.0,2.0,0.0,2.0,0.0,0.0,3.0,0.0,4.0,0.0,4.0,0.0,5.0,0.0,0.0,0.0,3.0,0.0,0.0,4.0,3.0,0.0,0.0,3.0,3.0,4.0,0.0,1.0,3.0,5.0,1.0,3.0,0.0,5.0
AmTr_35,2.0,3.0,0.0,5.0,0.0,3.0,3.0,2.0,0.0,3.0,0.0,4.0,0.0,0.0,4.0,0.0,4.0,0.0,3.0,0.0,5.0,0.0,0.0,0.0,2.0,0.0,0.0,4.0,4.0,0.0,0.0,4.0,3.0,3.0,0.0,1.0,4.0,5.0,3.0,4.0,0.0,5.0
CyCo_153,2.0,1.0,0.0,4.0,0.0,2.0,2.0,2.0,0.0,2.0,0.0,2.0,0.0,0.0,2.0,0.0,2.0,0.0,2.0,0.0,3.0,0.0,0.0,0.0,2.0,0.0,0.0,4.0,3.0,0.0,0.0,3.0,3.0,2.0,0.0,2.0,4.0,4.0,1.0,2.0,0.0,0.0
VaTa_34,2.0,2.0,0.0,4.0,0.0,3.0,3.0,3.0,0.0,3.0,0.0,3.0,0.0,0.0,4.0,0.0,3.0,0.0,3.0,0.0,3.0,0.0,0.0,0.0,2.0,0.0,0.0,4.0,3.0,0.0,0.0,3.0,3.0,3.0,0.0,2.0,5.0,5.0,3.0,3.0,0.0,0.0
DrAr_39,4.0,3.0,0.0,5.0,0.0,3.0,3.0,3.0,0.0,3.0,0.0,4.0,0.0,0.0,3.0,0.0,3.0,0.0,4.0,0.0,3.0,0.0,0.0,0.0,4.0,0.0,0.0,5.0,3.0,0.0,0.0,3.0,3.0,3.0,0.0,3.0,4.0,5.0,2.0,3.0,0.0,0.0
AnGa_44,3.0,2.0,0.0,5.0,0.0,3.0,3.0,3.0,0.0,4.0,0.0,5.0,0.0,0.0,4.0,0.0,2.0,0.0,2.0,0.0,2.0,0.0,0.0,0.0,3.0,0.0,0.0,4.0,4.0,0.0,0.0,3.0,3.0,3.0,0.0,3.0,5.0,5.0,3.0,4.0,0.0,0.0
DrPe_49,3.0,3.0,0.0,5.0,0.0,4.0,3.0,2.0,0.0,4.0,0.0,4.0,0.0,0.0,4.0,0.0,4.0,0.0,3.0,0.0,3.0,0.0,0.0,0.0,3.0,0.0,0.0,0.0,4.0,0.0,0.0,3.0,3.0,4.0,0.0,2.0,4.0,0.0,4.0,3.0,0.0,5.0
AnGa_12,3.0,3.0,0.0,4.0,0.0,3.0,2.0,3.0,0.0,4.0,0.0,5.0,0.0,0.0,4.0,0.0,3.0,0.0,4.0,0.0,4.0,0.0,0.0,0.0,2.0,0.0,0.0,0.0,4.0,0.0,0.0,4.0,3.0,3.0,0.0,2.0,4.0,0.0,3.0,4.0,0.0,4.0
MeRo_92,2.0,3.0,0.0,5.0,0.0,3.0,3.0,3.0,0.0,3.0,0.0,2.0,0.0,0.0,4.0,0.0,4.0,0.0,4.0,0.0,4.0,0.0,0.0,0.0,4.0,0.0,0.0,5.0,5.0,0.0,0.0,4.0,3.0,3.0,0.0,3.0,5.0,0.0,3.0,4.0,0.0,5.0
HaLa_43,3.0,4.0,0.0,4.0,0.0,3.0,3.0,3.0,0.0,4.0,0.0,3.0,0.0,0.0,3.0,0.0,4.0,0.0,4.0,0.0,4.0,0.0,0.0,0.0,2.0,0.0,0.0,3.0,3.0,0.0,0.0,3.0,3.0,5.0,0.0,3.0,4.0,0.0,2.0,4.0,0.0,4.0
TrNi_60,3.0,4.0,0.0,4.0,0.0,2.0,3.0,4.0,0.0,3.0,0.0,2.0,0.0,0.0,4.0,0.0,5.0,0.0,5.0,0.0,3.0,0.0,0.0,0.0,4.0,0.0,0.0,0.0,5.0,0.0,0.0,4.0,3.0,4.0,0.0,3.0,0.0,0.0,4.0,4.0,0.0,5.0
DrEr_46,3.0,4.0,0.0,5.0,0.0,4.0,3.0,3.0,0.0,5.0,0.0,3.0,0.0,0.0,5.0,0.0,4.0,0.0,4.0,0.0,4.0,0.0,0.0,0.0,3.0,0.0,0.0,0.0,4.0,0.0,0.0,3.0,4.0,4.0,0.0,3.0,4.0,0.0,4.0,3.0,0.0,5.0
VaTa_47,2.0,3.0,0.0,4.0,0.0,4.0,2.0,3.0,0.0,4.0,0.0,3.0,0.0,0.0,4.0,4.0,3.0,0.0,4.0,0.0,4.0,0.0,0.0,0.0,2.0,0.0,0.0,0.0,4.0,0.0,0.0,4.0,3.0,4.0,0.0,2.0,5.0,0.0,4.0,4.0,0.0,5.0
DrYa_49,3.0,3.0,0.0,5.0,0.0,3.0,3.0,2.0,0.0,4.0,0.0,3.0,0.0,0.0,4.0,5.0,3.0,0.0,3.0,0.0,4.0,0.0,0.0,0.0,3.0,0.0,0.0,5.0,3.0,0.0,0.0,3.0,3.0,4.0,0.0,2.0,4.0,0.0,4.0,3.0,0.0,5.0
AmTr_13,2.0,3.0,0.0,5.0,0.0,4.0,2.0,2.0,0.0,3.0,0.0,4.0,0.0,0.0,3.0,5.0,4.0,0.0,5.0,0.0,4.0,0.0,0.0,0.0,3.0,0.0,0.0,5.0,4.0,0.0,0.0,3.0,4.0,4.0,0.0,2.0,3.0,0.0,2.0,3.0,0.0,4.0
VaTa_48,2.0,3.0,0.0,4.0,0.0,3.0,2.0,2.0,0.0,2.0,0.0,3.0,0.0,0.0,3.0,5.0,3.0,0.0,3.0,0.0,3.0,0.0,0.0,0.0,2.0,0.0,0.0,3.0,3.0,0.0,0.0,4.0,2.0,2.0,0.0,1.0,3.0,0.0,3.0,3.0,0.0,5.0
CaFl_302,2.0,2.0,0.0,5.0,0.0,3.0,3.0,1.0,0.0,3.0,0.0,3.0,0.0,0.0,3.0,0.0,3.0,0.0,3.0,4.0,3.0,0.0,0.0,0.0,4.0,0.0,0.0,4.0,2.0,0.0,0.0,3.0,2.0,2.0,0.0,2.0,5.0,0.0,1.0,3.0,0.0,5.0
DrFi_20,2.0,2.0,0.0,4.0,0.0,3.0,2.0,3.0,0.0,3.0,0.0,3.0,0.0,0.0,3.0,5.0,3.0,0.0,3.0,0.0,3.0,0.0,0.0,0.0,2.0,0.0,0.0,4.0,4.0,0.0,0.0,3.0,2.0,3.0,0.0,2.0,3.0,0.0,3.0,3.0,0.0,5.0
RhMa_23,3.0,2.0,0.0,3.0,0.0,2.0,2.0,3.0,0.0,3.0,5.0,4.0,0.0,0.0,3.0,4.0,3.0,0.0,2.0,0.0,3.0,0.0,0.0,0.0,3.0,0.0,0.0,4.0,2.0,0.0,0.0,3.0,2.0,4.0,0.0,2.0,5.0,0.0,3.0,3.0,0.0,5.0
